duration,protocol_type,service,flag,src_bytes,dst_bytes,land,wrong_fragment,urgent,hot,num_failed_logins,logged_in,num_compromised,root_shell,su_attempted,num_root,num_file_creations,num_shells,num_access_files,num_outbound_cmds,is_host_login,is_guest_login,count,srv_count,serror_rate,srv_serror_rate,rerror_rate,srv_rerror_rate,same_srv_rate,diff_srv_rate,srv_diff_host_rate,dst_host_count,dst_host_srv_count,dst_host_same_srv_rate,dst_host_diff_srv_rate,dst_host_same_src_port_rate,dst_host_srv_diff_host_rate,dst_host_serror_rate,dst_host_srv_serror_rate,dst_host_rerror_rate,dst_host_srv_rerror_rate,label
13088,udp,ftp,S0,332493,791025,0,1,0,24,1,0,0,0,0,0,5,0,0,0,0,0,293,436,0.28,0.03,0.41,0.4,0.73,0.15,0.74,134,175,0.24,0.98,0.8,0.65,0.42,0.25,0.95,0.91,warezclient.
8528,udp,login,SF,661963,716741,0,0,0,27,0,1,7,0,0,9,5,0,0,0,0,0,36,31,0.74,0.81,0.58,0.75,0.36,0.42,0.08,204,160,0.99,0.09,0.1,0.89,0.5,0.75,0.45,0.93,multihop.
27943,tcp,finger,RSTO,493233,470472,0,1,0,29,0,1,8,1,0,10,0,0,2,0,0,0,369,237,0.73,0.41,0.67,0.86,0.83,0.55,0.15,8,190,0.71,0.37,0.34,0.6,0.37,0.53,0.62,0.28,ipsweep.
45965,tcp,eco_i,SF,765455,189247,0,3,0,22,1,1,6,0,0,0,2,0,2,0,0,0,430,247,0.68,0.62,0.42,0.91,0.07,0.05,0.07,45,198,0.38,0.31,0.31,0.87,0.21,0.59,0.09,0.45,neptune.
32790,udp,private,RSTO,477319,313767,0,0,0,26,1,0,3,0,0,9,2,0,2,0,0,0,53,9,0.93,0.75,0.67,0.92,0.23,0.5,0.65,182,42,0.54,0.75,0.7,0.86,0.41,0.93,0.86,0.48,spy.
13355,tcp,domain_u,SH,156,4140,0,0,0,0,1,1,8,0,0,3,2,0,3,0,0,0,396,163,0.53,0.08,0.21,0.62,0.53,0.54,0.64,60,250,0.55,0.33,0.88,0.81,0.06,0.58,0.3,0.89,normal.
11194,icmp,IRC,SH,739,4250,0,0,0,12,3,1,9,0,0,3,4,0,1,0,0,0,483,438,0.1,0.22,0.53,0.95,0.09,0.89,0.77,28,100,0.96,0.07,0.26,0.39,0.26,0.7,0.98,0.17,normal.
6736,icmp,shell,SH,602127,485816,0,0,0,24,0,0,2,0,0,8,2,0,1,0,0,0,242,464,0.19,0.09,0.09,0.72,0.09,0.25,0.33,182,185,0.2,0.05,0.06,0.22,0.19,0.81,0.3,0.45,neptune.
5763,icmp,ftp_data,SF,646592,931134,0,1,0,11,4,1,10,0,0,5,3,0,3,0,0,0,380,430,0.71,0.24,0.8,0.33,0.89,0.12,0.56,94,50,0.14,0.94,0.86,0.6,0.34,0.06,0.31,0.08,guess_passwd.
48086,tcp,http,S1,109724,962297,0,1,0,20,3,0,0,0,0,8,5,0,1,0,0,0,82,341,0.25,0.8,0.12,0.54,0.42,0.5,0.13,42,255,0.36,0.64,0.17,0.78,0.84,0.57,0.38,0.15,imap.
12684,icmp,ecr_i,S2,600766,838473,0,0,0,23,0,0,5,0,0,2,5,0,2,0,0,0,253,67,0.76,0.55,0.46,0.7,0.16,0.03,0.96,237,136,0.56,0.62,0.74,0.25,0.19,0.46,0.12,0.61,rootkit.
19348,udp,private,SF,678,4192,0,0,0,22,1,1,0,1,0,0,2,0,0,0,0,0,89,406,0.94,0.18,0.01,0.78,0.85,0.89,0.26,204,174,0.04,0.58,0.26,0.08,0.5,0.73,0.51,0.44,normal.
17012,tcp,smtp,S0,944326,407821,0,0,0,20,2,1,2,0,0,8,4,0,3,0,0,0,272,261,0.93,0.44,0.88,0.35,0.7,0.91,0.61,121,37,0.21,0.66,0.05,0.65,0.89,0.14,0.59,0.88,warezmaster.
52387,icmp,domain_u,S3,782,74,0,0,0,15,4,1,10,1,0,1,4,0,0,0,0,0,110,261,0.02,0.33,0.76,0.73,0.86,0.52,0.8,165,125,0.56,0.95,0.57,0.31,0.59,0.75,0.26,0.81,normal.
3131,udp,eco_i,RSTO,461897,134370,0,3,0,7,4,1,1,1,0,7,1,0,0,0,0,0,420,289,0.33,0.22,0.66,0.39,0.01,0.56,0.86,206,211,0.83,0.33,0.69,0.15,0.89,0.37,0.66,0.66,spy.
12161,tcp,pop_3,REJ,751728,562583,0,0,0,24,0,0,2,0,0,5,1,0,0,0,0,0,224,460,0.51,0.34,0.54,0.3,0.94,0.42,0.91,253,9,0.61,0.4,0.32,0.55,0.48,0.27,0.28,0.33,multihop.
31125,udp,telnet,S0,242274,374775,0,0,0,2,3,1,5,0,0,9,5,0,1,0,0,0,473,258,0.7,0.49,0.54,0.46,0.28,0.97,0.06,149,197,0.68,0.98,0.16,0.44,0.76,0.84,0.65,0.79,ftp_write.
32310,udp,ecr_i,SH,234901,281249,0,3,0,13,2,1,1,0,0,10,3,0,2,0,0,0,455,58,0.61,0.44,0.6,0.24,0.72,0.91,0.05,105,179,0.74,0.82,0.06,0.11,0.78,0.84,0.09,0.74,imap.
31155,icmp,ssh,REJ,180933,966750,0,0,0,4,1,1,8,0,0,4,5,0,1,0,0,0,246,196,0.41,0.05,0.63,0.77,0.44,0.69,0.95,17,140,0.01,0.2,0.91,0.55,0.07,0.85,0.87,0.44,ftp_write.
24558,icmp,IRC,S1,783150,509576,0,0,0,29,2,1,4,0,0,6,0,0,2,0,0,0,126,300,0.15,0.39,0.62,0.44,0.86,0.93,0.82,206,70,0.5,0.05,0.33,0.21,0.93,0.85,0.3,0.57,pod.
39275,icmp,telnet,S3,714,3348,0,1,0,23,5,0,8,0,0,0,1,0,0,0,0,0,451,452,0.95,0.97,0.72,0.85,0.65,0.66,0.56,10,254,0.45,0.87,0.55,0.09,0.16,0.18,0.26,0.94,normal.
26061,udp,ssh,S3,279964,302589,0,1,0,0,3,0,7,0,0,1,5,0,0,0,0,0,311,259,0.06,0.48,0.37,0.15,0.68,0.28,0.1,157,84,0.34,0.67,0.43,0.28,0.54,0.52,0.67,0.24,warezclient.
22042,icmp,rje,S2,285331,461347,0,1,0,13,2,1,5,0,0,7,0,0,2,0,0,0,167,156,0.73,0.26,0.79,0.21,0.84,0.22,0.77,241,252,0.1,0.86,0.8,0.17,0.14,0.0,0.58,0.77,phf.
31907,udp,eco_i,RSTO,230,2832,0,0,0,11,4,1,7,0,0,0,5,0,0,0,0,0,57,64,0.95,0.64,0.46,0.86,0.77,0.61,0.26,36,134,0.69,0.48,0.17,0.94,0.47,0.5,0.4,0.1,normal.
17718,icmp,ssh,S2,324031,99856,0,1,0,17,2,1,7,0,0,9,5,0,2,0,0,0,78,122,0.86,0.54,0.97,0.35,0.02,0.78,0.75,176,248,0.75,0.3,0.49,0.93,0.1,0.41,0.04,0.79,back.
50686,udp,ssh,S0,814423,202812,0,1,0,5,1,0,10,0,0,7,0,0,2,0,0,0,10,239,0.1,0.4,0.59,0.98,0.63,0.1,0.73,252,250,0.72,0.81,0.69,0.97,0.12,0.35,0.32,0.34,rootkit.
33960,icmp,domain_u,S2,580,3054,0,1,0,1,0,1,0,0,0,9,3,0,0,0,0,0,10,40,0.46,0.62,0.03,0.85,0.76,0.44,0.04,196,235,0.57,0.65,0.57,0.49,0.43,0.6,0.94,0.31,normal.
6413,udp,telnet,S0,785657,836896,0,0,0,18,1,1,7,1,0,10,1,0,2,0,0,0,102,405,0.43,1.0,0.37,0.67,0.36,0.53,0.41,250,29,0.45,0.13,0.54,0.27,0.09,0.21,0.8,0.82,multihop.
40114,tcp,ftp,RSTO,198769,49417,0,3,0,14,2,0,7,0,0,9,1,0,3,0,0,0,208,436,0.67,0.23,0.48,0.77,0.57,0.44,0.82,32,137,0.52,0.02,0.7,0.85,0.89,0.01,0.05,0.46,smurf.
14963,udp,ssh,S1,884453,382475,0,3,0,26,1,1,0,0,0,5,1,0,3,0,0,0,122,460,0.73,0.81,0.95,0.71,0.8,0.14,0.51,199,219,0.94,0.1,0.81,0.67,0.96,0.8,0.17,0.26,spy.
10904,udp,private,S1,86621,968121,0,0,0,18,3,0,5,0,0,6,2,0,3,0,0,0,494,136,0.63,0.27,0.91,0.7,0.18,0.69,0.32,146,39,0.11,0.1,0.77,0.53,0.85,0.91,0.34,0.21,multihop.
12293,icmp,http,SH,151398,60753,0,0,0,17,5,0,9,0,0,7,5,0,3,0,0,0,263,155,0.78,0.54,0.9,0.86,0.94,0.26,0.67,84,14,0.95,0.26,0.52,0.2,0.32,0.97,0.9,0.11,satan.
11074,icmp,domain_u,S1,11972,205096,0,0,0,16,3,1,4,1,0,7,0,0,0,0,0,0,508,216,0.66,0.48,0.11,0.54,0.78,0.38,0.74,191,1,0.48,0.65,0.69,0.07,0.42,0.96,0.5,0.04,satan.
34311,icmp,IRC,S3,51721,688673,0,0,0,3,4,1,9,0,0,0,1,0,1,0,0,0,199,433,0.3,0.33,0.4,0.61,0.47,0.11,0.61,205,18,0.32,0.91,0.75,0.61,0.02,0.78,0.25,0.8,guess_passwd.
36998,icmp,other,SF,469,2444,0,0,0,10,5,0,9,1,0,10,0,0,0,0,0,0,283,36,0.74,0.37,0.57,0.19,0.99,0.14,0.39,5,236,0.28,0.12,0.33,0.25,0.6,0.64,0.4,0.14,normal.
11263,udp,http,REJ,182695,118574,0,1,0,18,5,0,8,1,0,5,2,0,0,0,0,0,73,443,0.84,0.6,0.2,0.99,0.55,0.76,0.83,98,42,0.0,0.36,0.24,0.8,0.85,0.48,0.34,0.25,back.
14265,icmp,imap4,S0,27261,918638,0,0,0,23,0,1,0,0,0,2,4,0,1,0,0,0,97,45,0.57,0.37,0.95,0.58,0.48,0.58,0.93,173,232,0.1,0.93,0.08,0.49,0.03,0.03,0.41,0.45,ftp_write.
37560,udp,ftp,REJ,519,3129,0,0,0,10,0,1,4,0,0,10,5,0,2,0,0,0,107,123,0.45,0.56,0.12,0.56,0.76,0.4,0.46,223,31,0.01,0.28,0.31,0.94,0.66,0.71,0.59,0.72,normal.
41616,icmp,eco_i,S0,670095,799600,0,1,0,24,1,0,3,0,0,2,2,0,3,0,0,0,384,425,0.72,0.45,0.91,0.98,0.9,0.26,0.87,59,0,0.3,0.28,0.53,0.04,0.3,0.87,0.44,0.8,multihop.
35481,tcp,imap4,S1,40,2792,0,0,0,5,3,0,7,0,0,9,5,0,2,0,0,0,412,245,0.41,0.12,0.11,0.48,0.99,0.47,0.31,230,185,0.29,0.74,0.42,0.46,0.51,0.79,0.15,0.39,normal.
13768,udp,pop_3,SH,281399,989093,0,0,0,24,1,0,9,0,0,10,3,0,2,0,0,0,380,214,0.01,0.43,0.72,0.73,0.18,0.87,0.65,208,34,0.22,0.13,0.41,0.55,0.03,0.77,0.44,0.44,ftp_write.
28772,icmp,imap4,S2,42866,793634,0,0,0,18,4,1,2,1,0,3,3,0,3,0,0,0,302,95,0.88,0.81,0.92,0.07,0.79,0.06,0.44,122,183,0.12,0.55,0.42,0.19,0.79,0.41,0.97,0.65,satan.
18836,tcp,private,RSTR,201947,717656,0,0,0,1,1,0,9,0,0,4,2,0,3,0,0,0,12,404,0.4,0.71,0.03,0.85,0.95,0.57,0.97,116,1,0.4,0.34,0.13,0.34,0.54,0.39,0.78,0.6,neptune.
8948,icmp,hostnames,RSTR,987,397,0,0,0,25,3,1,4,0,0,4,4,0,3,0,0,0,400,485,0.34,0.11,0.96,0.63,0.76,0.52,0.01,85,185,0.35,0.31,0.14,0.8,0.32,0.97,0.41,0.99,normal.
23931,udp,http,S2,868,4510,0,3,0,20,3,1,0,0,0,0,1,0,1,0,0,0,87,63,0.25,0.08,0.48,0.9,0.09,0.97,0.9,205,212,0.92,0.95,0.78,0.66,0.54,0.47,0.52,0.48,normal.
32575,tcp,ftp,RSTO,840369,165156,0,0,0,18,2,1,2,0,0,7,5,0,3,0,0,0,159,154,0.11,0.01,0.19,0.18,0.56,0.01,0.0,165,40,0.7,0.18,0.49,0.34,0.08,0.94,0.15,0.16,rootkit.
42997,tcp,ftp,S2,378381,312011,0,0,0,30,2,0,6,0,0,8,3,0,1,0,0,0,338,443,0.7,0.06,0.89,0.41,0.13,0.47,0.65,9,50,0.36,0.41,0.68,0.45,0.28,0.83,0.23,0.72,warezmaster.
31541,icmp,hostnames,RSTO,386,1652,0,0,0,18,2,1,2,0,0,8,1,0,3,0,0,0,274,363,0.64,0.43,0.8,0.86,0.34,0.98,0.15,68,205,0.49,0.27,0.66,0.34,0.7,0.62,0.46,0.1,normal.
47341,tcp,rje,S1,1016,4991,0,1,0,21,1,0,9,0,0,5,0,0,1,0,0,0,24,62,0.85,0.15,0.72,0.35,0.24,0.71,0.97,230,1,0.83,0.58,0.85,0.75,0.59,0.51,0.59,0.1,normal.
41394,udp,hostnames,S0,81081,450212,0,0,0,25,4,1,1,0,0,9,1,0,0,0,0,0,463,404,0.47,0.83,0.46,0.7,0.11,0.79,0.31,93,153,0.56,0.47,0.24,0.41,0.39,0.35,0.08,0.93,guess_passwd.
45423,tcp,private,RSTO,684861,603041,0,1,0,23,3,0,10,1,0,7,3,0,1,0,0,0,452,385,0.26,0.19,0.31,0.63,0.34,0.3,0.9,253,84,0.6,0.87,0.36,0.11,0.9,0.75,0.85,0.22,pod.
56790,icmp,ssh,SF,875474,164303,0,3,0,29,4,0,3,0,0,8,5,0,0,0,0,0,329,152,0.13,0.47,0.86,0.96,0.63,0.72,0.57,4,33,0.42,0.35,0.23,0.42,0.29,0.17,0.38,0.78,rootkit.
54610,tcp,telnet,SH,274411,622748,0,0,0,29,0,0,6,0,0,0,4,0,0,0,0,0,368,491,0.27,0.83,0.97,0.91,0.68,0.15,0.24,58,235,0.18,0.18,0.31,0.07,0.49,0.87,0.42,0.97,warezmaster.
57593,tcp,ssh,S0,544,1031,0,3,0,25,1,0,5,0,0,7,2,0,1,0,0,0,81,295,0.54,0.24,0.79,0.76,0.76,0.62,0.68,246,244,0.8,0.08,0.35,0.86,0.02,0.17,0.43,0.91,normal.
19739,udp,eco_i,S1,340207,11112,0,0,0,23,1,0,9,0,0,9,0,0,0,0,0,0,222,154,0.84,0.41,0.86,0.64,0.3,0.45,0.49,166,162,0.26,0.94,0.71,0.28,0.64,0.12,0.62,0.6,spy.
46224,icmp,smtp,S1,464387,996529,0,0,0,25,2,0,9,0,0,4,1,0,3,0,0,0,301,10,0.28,0.85,0.74,0.67,0.87,0.79,0.69,89,240,0.56,0.22,0.46,0.25,0.8,0.51,0.89,0.25,spy.
15233,udp,hostnames,RSTR,659629,941774,0,0,0,1,1,0,6,0,0,1,1,0,1,0,0,0,151,389,0.48,0.25,0.63,0.54,0.19,0.82,0.16,123,117,0.35,0.32,0.07,0.05,0.25,0.13,0.1,0.03,buffer_overflow.
5883,udp,imap4,SH,560276,900935,0,1,0,1,4,1,10,0,0,4,1,0,1,0,0,0,459,332,0.82,0.68,0.95,0.39,0.07,0.59,0.16,190,44,0.13,0.23,0.8,0.04,0.49,0.52,0.59,0.84,warezmaster.
58060,udp,http,SH,750252,779010,0,0,0,23,5,1,9,0,0,1,4,0,3,0,0,0,57,171,0.69,0.86,0.31,0.5,0.12,0.93,0.43,118,88,0.96,0.63,0.13,0.28,0.25,0.84,0.43,0.74,spy.
55402,tcp,remote_job,SH,885,1945,0,0,0,4,0,0,7,1,0,1,2,0,0,0,0,0,149,79,0.05,0.61,0.66,0.5,0.36,0.65,0.6,235,39,0.31,0.69,0.69,0.42,0.91,0.51,0.75,0.59,normal.
2892,tcp,finger,S1,196,410,0,0,0,19,1,1,8,0,0,8,4,0,1,0,0,0,20,144,0.8,0.9,0.66,0.39,0.24,0.52,0.41,242,180,0.09,0.82,0.35,0.42,0.6,0.99,0.63,0.66,normal.
21893,udp,remote_job,S3,795516,168099,0,1,0,15,1,0,0,1,0,2,5,0,3,0,0,0,81,422,0.0,0.64,0.55,0.67,0.94,0.29,0.15,98,234,0.21,0.42,0.02,0.52,0.73,0.71,0.03,0.53,ipsweep.
50374,udp,shell,S2,760,845,0,0,0,11,2,0,6,1,0,1,2,0,3,0,0,0,247,135,0.56,0.94,0.38,0.52,0.42,0.37,0.87,172,251,0.89,0.08,0.3,0.43,0.35,0.61,0.37,0.4,normal.
16314,tcp,pop_3,SF,960605,656216,0,1,0,6,4,0,0,0,0,2,2,0,2,0,0,0,220,170,0.76,0.21,0.77,0.7,0.48,0.24,0.68,50,193,0.5,0.56,0.11,0.78,0.84,0.11,0.28,0.48,land.
826,tcp,telnet,RSTO,117,1134,0,0,0,30,2,1,5,0,0,10,0,0,2,0,0,0,152,303,0.99,0.51,0.74,0.04,0.56,0.92,0.84,253,205,0.63,0.24,0.51,0.14,0.38,0.39,0.01,0.8,normal.
16300,icmp,eco_i,SF,28832,31361,0,3,0,2,2,0,5,0,0,9,2,0,1,0,0,0,505,10,0.49,0.97,0.28,0.44,0.57,0.96,0.41,138,211,0.75,0.15,0.62,0.69,0.36,0.52,0.8,0.16,land.
10171,udp,hostnames,S1,58391,4380,0,0,0,4,1,0,2,0,0,4,0,0,2,0,0,0,196,381,0.47,0.85,0.98,0.1,0.36,0.66,0.52,22,134,0.1,0.52,0.63,0.77,0.51,0.91,0.34,0.41,back.
2847,icmp,remote_job,S0,891080,188421,0,0,0,18,1,1,8,0,0,4,3,0,0,0,0,0,299,286,0.38,0.19,0.08,0.14,0.39,0.32,0.55,144,155,0.3,0.01,0.16,0.98,0.69,0.15,0.54,0.84,portsweep.
47460,tcp,eco_i,S2,246106,484466,0,0,0,9,2,0,3,0,0,1,4,0,0,0,0,0,357,79,0.38,0.38,0.59,0.12,0.26,0.12,0.76,209,3,0.38,0.02,0.45,0.78,0.09,0.5,0.83,0.12,smurf.
53384,icmp,shell,REJ,645,3099,0,3,0,4,2,1,6,0,0,4,0,0,0,0,0,0,113,135,0.08,0.09,0.76,0.52,0.11,0.86,0.85,53,159,0.01,0.98,0.92,0.7,0.23,0.31,0.12,0.87,normal.
145,udp,finger,S2,40425,526729,0,0,0,13,0,1,0,1,0,7,0,0,2,0,0,0,339,419,0.5,0.53,0.07,0.2,0.26,0.81,0.76,199,139,0.31,0.13,0.76,0.46,0.66,0.47,0.27,0.05,multihop.
17545,tcp,eco_i,RSTR,899522,982892,0,1,0,8,2,1,0,0,0,3,4,0,0,0,0,0,363,118,0.39,0.97,0.61,0.09,0.82,0.4,0.3,2,197,0.02,0.17,0.76,0.45,0.23,0.07,0.65,0.05,spy.
25990,tcp,ftp,SF,85159,28062,0,3,0,19,3,1,4,1,0,1,1,0,2,0,0,0,116,203,0.04,0.93,0.02,0.28,0.29,0.52,0.46,153,193,0.77,0.64,0.82,0.59,0.51,0.52,0.47,0.9,buffer_overflow.
26560,tcp,http,SF,966108,935365,0,1,0,25,3,0,1,1,0,7,1,0,3,0,0,0,161,294,0.91,0.6,0.81,0.82,0.93,0.44,0.1,37,226,0.11,0.7,0.42,0.05,0.04,0.62,0.17,0.09,pod.
19249,tcp,imap4,SH,890459,620671,0,1,0,14,2,0,3,0,0,10,5,0,2,0,0,0,340,290,0.73,0.98,0.93,0.37,0.16,0.57,0.11,13,108,0.73,0.36,0.91,0.88,0.76,0.31,0.69,0.59,land.
25213,icmp,IRC,SH,224859,754283,0,1,0,22,0,1,10,1,0,3,0,0,3,0,0,0,111,493,0.57,0.3,0.43,0.91,0.27,0.5,0.72,100,178,0.85,0.38,0.33,0.66,0.84,0.15,0.48,0.81,neptune.
29703,icmp,ftp,RSTO,735361,82041,0,0,0,8,4,0,1,1,0,9,3,0,3,0,0,0,480,18,0.43,0.37,0.56,0.1,0.87,0.82,0.46,64,60,0.88,0.12,0.14,0.02,0.7,0.59,0.61,0.93,guess_passwd.
49159,udp,IRC,RSTO,420105,218760,0,3,0,17,5,1,0,0,0,4,5,0,2,0,0,0,185,249,0.0,0.87,0.6,0.24,0.66,0.48,0.84,50,202,0.4,0.75,0.96,0.36,0.13,0.83,0.65,0.33,warezclient.
11379,udp,smtp,SF,50237,699200,0,0,0,25,0,0,1,0,0,6,0,0,3,0,0,0,37,434,0.59,0.19,0.26,0.25,0.77,0.62,0.51,71,44,0.86,0.0,0.67,0.56,0.14,0.76,0.53,0.3,imap.
54539,icmp,shell,SF,801281,713450,0,3,0,27,3,1,2,0,0,10,1,0,0,0,0,0,32,136,0.67,0.53,0.49,0.89,0.98,0.95,0.25,211,185,0.97,0.72,0.07,0.14,0.99,0.77,0.53,0.14,ipsweep.
1375,udp,domain_u,S0,814,2354,0,0,0,15,3,0,10,0,0,0,1,0,1,0,0,0,212,135,0.76,0.69,0.44,0.24,0.51,0.32,0.63,33,211,0.85,0.43,0.01,0.24,0.23,0.58,0.07,0.57,normal.
43161,tcp,hostnames,REJ,826690,943403,0,3,0,4,5,1,7,0,0,2,3,0,1,0,0,0,237,299,0.26,0.85,0.57,0.85,0.17,0.19,0.19,212,131,0.26,0.68,0.28,0.96,0.8,0.75,0.43,0.7,pod.
28508,icmp,ftp_data,S0,77998,324125,0,0,0,7,0,1,4,0,0,9,5,0,0,0,0,0,165,288,0.5,0.09,0.33,0.7,0.59,0.66,0.69,198,85,0.78,0.53,0.93,0.05,0.92,0.58,0.69,0.02,guess_passwd.
17461,udp,eco_i,S2,176474,121875,0,1,0,5,5,1,6,0,0,3,1,0,1,0,0,0,166,261,0.3,0.54,0.01,0.62,0.34,0.62,0.57,250,239,0.77,0.72,0.97,0.8,0.2,0.83,0.98,0.85,spy.
50045,udp,ftp,OTH,674757,855767,0,0,0,8,5,1,4,0,0,1,0,0,3,0,0,0,346,111,0.99,0.96,0.46,0.22,0.53,0.15,0.36,237,220,0.1,0.16,0.95,0.29,0.85,0.21,0.03,0.01,back.
23690,udp,eco_i,SF,299,4735,0,0,0,20,2,0,8,1,0,3,1,0,0,0,0,0,21,455,0.47,0.72,0.52,0.08,0.64,0.23,0.43,180,148,0.54,0.15,0.0,0.13,0.06,0.45,0.02,0.29,normal.
30799,udp,ftp,S1,715001,751273,0,0,0,15,4,1,3,1,0,5,0,0,1,0,0,0,320,375,0.73,0.35,0.09,0.71,0.02,0.36,0.08,58,155,0.69,0.77,0.71,0.13,0.88,0.21,0.05,0.21,guess_passwd.
29608,tcp,telnet,RSTR,659,313,0,0,0,23,5,0,0,0,0,10,2,0,1,0,0,0,450,420,0.64,0.2,0.46,0.81,0.57,0.98,0.77,72,15,0.86,0.11,0.42,0.4,0.12,0.84,0.78,0.61,normal.
30883,icmp,finger,SF,260811,216364,0,0,0,8,2,1,4,0,0,0,3,0,0,0,0,0,224,201,0.26,0.46,0.03,0.55,0.29,0.73,0.55,51,168,0.73,0.09,0.41,0.14,0.95,0.83,0.17,0.0,guess_passwd.
19380,tcp,ftp_data,SH,12,2603,0,0,0,20,4,1,9,1,0,1,5,0,1,0,0,0,63,169,0.84,0.71,0.37,0.7,0.7,0.13,0.79,24,166,0.5,0.55,0.98,0.65,0.64,0.24,0.92,0.74,normal.
55760,icmp,finger,S2,424245,182826,0,0,0,23,5,0,9,0,0,0,0,0,0,0,0,0,60,469,0.33,0.16,0.32,0.51,0.44,0.18,0.45,90,205,0.04,0.08,0.45,0.53,0.02,0.24,0.25,0.96,warezmaster.
52266,icmp,http,OTH,493761,123451,0,3,0,13,0,1,2,0,0,9,1,0,2,0,0,0,491,360,0.33,0.69,0.3,0.73,0.6,0.18,0.33,180,208,0.44,0.44,0.6,0.98,0.09,0.68,0.79,0.99,guess_passwd.
14647,tcp,finger,SH,490456,431674,0,0,0,14,2,1,10,0,0,1,3,0,0,0,0,0,282,292,0.98,0.85,0.97,0.57,0.91,0.04,0.76,178,85,0.18,0.78,0.2,0.71,0.6,0.38,0.01,0.51,guess_passwd.
30048,udp,ftp,REJ,704243,532243,0,3,0,28,4,0,0,1,0,4,3,0,0,0,0,0,380,60,0.75,0.73,0.57,0.76,0.48,0.88,0.85,64,238,0.11,0.91,0.33,0.39,0.05,0.78,0.85,0.21,teardrop.
31834,icmp,remote_job,S3,709493,369901,0,0,0,16,2,1,8,0,0,8,2,0,1,0,0,0,497,295,0.47,0.7,0.05,0.91,0.57,0.65,0.47,254,145,0.62,0.98,0.85,0.94,0.65,0.3,0.28,0.46,multihop.
43217,udp,finger,RSTO,115678,891288,0,0,0,14,3,0,6,0,0,6,5,0,2,0,0,0,146,335,0.23,0.77,0.83,0.99,0.11,0.39,0.94,132,127,0.34,0.65,0.52,0.92,0.52,0.95,0.64,0.86,phf.
3551,udp,shell,OTH,450041,381549,0,3,0,27,2,1,8,0,0,10,3,0,2,0,0,0,214,341,0.99,0.55,0.38,0.53,1.0,0.22,0.31,19,250,0.84,0.69,0.06,0.44,0.67,0.81,0.84,0.47,spy.
6155,icmp,ssh,RSTR,331667,689531,0,0,0,20,5,0,7,0,0,6,4,0,1,0,0,0,77,98,0.2,0.71,0.32,0.01,0.9,0.41,0.59,174,66,0.95,0.33,0.77,0.73,0.22,0.76,0.96,0.93,ipsweep.
52504,udp,hostnames,RSTR,166327,480877,0,0,0,10,5,1,1,0,0,9,3,0,1,0,0,0,135,305,0.69,0.19,0.97,0.25,0.48,0.07,0.42,168,17,0.59,0.71,0.31,0.34,0.45,0.99,0.91,0.15,multihop.
26940,tcp,other,RSTO,150,1593,0,1,0,9,2,1,9,0,0,7,3,0,0,0,0,0,393,82,0.11,0.56,0.93,0.6,0.96,0.15,0.68,7,214,0.32,0.44,0.41,0.91,0.17,0.15,0.98,0.65,normal.
46536,icmp,http,SH,404963,310420,0,0,0,13,4,1,3,0,0,4,2,0,2,0,0,0,166,416,0.94,0.58,0.05,0.97,0.21,0.33,0.01,255,249,0.77,0.61,0.67,0.92,0.22,0.65,0.49,0.86,phf.
37785,icmp,shell,SF,275621,711326,0,1,0,1,0,0,3,1,0,9,3,0,1,0,0,0,486,492,0.42,0.93,0.02,0.95,0.18,0.06,0.44,172,11,0.4,0.46,0.61,0.43,0.94,0.46,0.92,0.07,smurf.
44447,tcp,private,SF,58528,217271,0,3,0,27,1,1,4,0,0,7,3,0,3,0,0,0,458,84,0.91,0.38,0.73,0.55,0.19,0.24,0.69,118,37,0.74,0.16,0.92,0.78,0.61,0.11,0.85,0.22,back.
5573,tcp,private,S1,44169,907953,0,0,0,28,4,0,2,0,0,10,3,0,3,0,0,0,384,144,0.18,0.78,0.32,0.62,0.32,0.74,0.54,227,85,0.89,0.93,0.06,0.19,0.16,0.66,0.83,0.75,buffer_overflow.
5187,tcp,login,OTH,108,2384,0,0,0,13,5,1,5,0,0,2,5,0,2,0,0,0,252,210,0.01,0.57,0.82,0.82,0.65,0.89,0.95,225,79,0.69,0.26,0.82,0.34,0.36,0.22,0.55,0.69,normal.
32428,icmp,remote_job,RSTO,14778,462966,0,0,0,25,5,1,6,0,0,7,3,0,3,0,0,0,398,445,0.05,0.43,0.14,0.61,0.5,0.45,0.92,156,79,0.4,0.06,0.6,0.51,0.99,0.89,0.69,0.07,buffer_overflow.
49537,udp,ecr_i,S0,458801,28149,0,0,0,10,1,1,1,1,0,0,2,0,3,0,0,0,374,368,0.4,0.52,0.79,0.07,0.84,0.64,0.38,241,188,0.64,0.14,0.58,0.19,0.12,0.17,0.76,0.26,phf.
44873,udp,eco_i,SH,704906,718980,0,0,0,2,3,0,1,0,0,9,4,0,2,0,0,0,285,11,0.52,0.0,0.7,0.47,0.69,0.78,0.69,248,52,0.37,0.04,0.47,0.1,0.95,0.47,0.29,0.28,guess_passwd.
27829,icmp,rje,SH,767567,464135,0,3,0,12,3,0,10,0,0,6,0,0,0,0,0,0,168,499,0.07,0.03,0.83,0.93,0.05,0.47,0.82,254,185,0.03,0.18,0.37,0.15,0.67,0.57,0.16,0.76,pod.
15049,icmp,shell,REJ,34364,85887,0,0,0,21,1,1,5,1,0,4,5,0,3,0,0,0,346,355,0.65,0.86,0.33,0.23,0.6,0.32,0.87,231,158,0.25,0.76,0.35,0.38,0.68,0.62,0.74,0.67,phf.
3680,udp,ftp,S1,298019,118495,0,0,0,24,5,0,7,0,0,0,5,0,2,0,0,0,48,462,0.9,0.19,0.46,0.78,0.61,0.23,0.44,216,202,0.74,0.77,0.69,0.45,0.53,0.74,0.9,0.77,neptune.
54885,icmp,hostnames,SH,1016,724,0,1,0,9,4,0,5,0,0,9,5,0,3,0,0,0,265,261,0.08,0.27,0.61,0.52,0.21,0.82,0.34,205,87,0.28,0.05,0.36,0.26,0.33,0.56,0.58,0.44,normal.
16936,udp,eco_i,SH,152417,462812,0,3,0,3,0,0,1,0,0,8,2,0,0,0,0,0,493,274,0.25,0.68,0.9,0.61,0.67,0.73,0.6,84,39,0.24,0.83,0.41,0.5,0.21,0.82,0.45,0.69,neptune.
18022,icmp,remote_job,SF,920213,796246,0,0,0,28,1,0,10,1,0,4,1,0,2,0,0,0,316,496,0.95,0.66,0.13,0.33,0.33,0.55,0.16,247,52,0.72,0.14,0.06,0.76,0.28,0.97,0.26,0.73,phf.
29285,udp,IRC,SF,309002,182981,0,3,0,7,3,0,7,0,0,10,3,0,1,0,0,0,42,135,0.43,0.46,0.5,0.54,0.81,0.34,0.14,92,216,0.45,0.94,0.43,0.92,0.52,0.62,0.59,0.54,teardrop.
30843,udp,finger,RSTO,345389,537626,0,0,0,28,3,1,1,0,0,4,0,0,0,0,0,0,471,313,0.93,0.14,0.94,0.99,0.98,0.42,0.89,1,168,0.96,0.43,0.7,0.33,0.99,0.99,0.58,0.25,satan.
33812,icmp,http,S0,160632,881114,0,0,0,26,4,1,4,1,0,9,1,0,3,0,0,0,369,404,0.67,0.41,0.92,0.07,0.36,0.55,0.4,67,122,0.87,0.06,0.94,0.47,0.66,0.34,0.25,0.03,pod.
15208,tcp,IRC,SF,137698,740874,0,0,0,14,5,1,3,0,0,0,1,0,3,0,0,0,492,346,0.18,0.88,0.65,0.75,0.49,0.54,0.64,82,145,0.3,0.87,0.35,0.19,0.06,0.81,0.13,0.08,back.
45778,tcp,other,S3,888600,195043,0,3,0,28,3,0,6,1,0,1,2,0,2,0,0,0,178,319,0.86,0.33,0.4,0.23,0.43,0.71,0.3,14,84,0.63,0.55,0.52,0.34,0.08,0.17,0.66,0.7,guess_passwd.
28363,icmp,smtp,SH,874702,998543,0,3,0,8,3,1,2,0,0,8,2,0,3,0,0,0,453,19,0.33,0.04,0.08,0.22,0.67,0.81,0.54,235,46,0.79,0.75,0.17,0.75,0.92,0.21,0.43,0.38,ipsweep.
19200,tcp,netbios_ns,S2,571620,408104,0,0,0,13,4,1,2,1,0,2,4,0,3,0,0,0,379,194,0.98,0.72,0.15,0.51,0.91,0.45,0.23,137,224,0.97,0.96,0.01,0.18,0.54,0.82,0.27,0.63,portsweep.
46152,udp,other,RSTR,358742,933974,0,1,0,5,1,0,7,1,0,10,5,0,0,0,0,0,29,131,0.33,0.34,0.36,0.58,0.22,0.94,0.78,112,64,0.17,0.34,0.92,0.45,0.91,0.31,0.16,0.25,phf.
9987,udp,hostnames,SH,304457,952360,0,1,0,16,4,0,9,1,0,7,5,0,0,0,0,0,151,54,0.1,0.48,0.56,0.85,0.07,0.79,0.42,146,204,0.87,0.46,0.53,0.84,0.99,0.34,0.61,0.3,spy.
33744,icmp,ecr_i,S1,523722,782353,0,0,0,6,1,0,9,0,0,2,2,0,2,0,0,0,181,274,0.47,0.69,0.03,0.66,0.42,0.16,0.68,134,160,0.58,0.59,0.84,0.96,0.42,0.03,0.41,0.64,teardrop.
21170,tcp,smtp,S0,135028,989913,0,0,0,7,1,0,1,0,0,8,3,0,0,0,0,0,444,389,0.38,0.54,0.25,0.42,0.62,0.32,0.89,38,19,0.54,0.02,0.12,0.82,0.21,0.28,0.81,0.33,imap.
1387,tcp,ssh,S2,514853,173749,0,3,0,24,3,0,5,1,0,5,4,0,3,0,0,0,338,318,0.37,0.7,0.58,0.9,0.35,0.49,0.57,189,188,0.03,0.34,0.9,0.24,0.63,0.13,0.71,0.08,satan.
19684,icmp,imap4,RSTO,152,4580,0,0,0,19,2,0,5,0,0,10,2,0,1,0,0,0,415,478,0.06,0.45,0.67,0.53,0.98,0.16,0.76,201,160,0.1,0.07,0.63,0.18,0.3,0.91,0.49,0.71,normal.
9760,tcp,domain_u,SF,827842,846025,0,0,0,15,5,1,9,0,0,7,1,0,0,0,0,0,263,375,0.77,0.14,0.95,0.19,0.73,0.68,0.24,46,86,0.74,0.28,0.99,0.01,0.7,0.58,1.0,0.44,back.
42204,tcp,rje,RSTO,94638,184578,0,0,0,26,4,0,5,0,0,5,3,0,2,0,0,0,299,291,0.06,0.03,0.93,0.48,0.91,0.09,0.8,121,78,0.32,0.41,0.09,0.9,0.09,0.97,0.11,0.8,land.
47832,tcp,ecr_i,S3,744543,384711,0,1,0,2,1,0,9,1,0,2,3,0,3,0,0,0,280,213,0.09,0.49,0.29,0.13,0.77,0.15,0.77,44,104,0.5,0.99,0.04,0.29,0.86,0.56,0.16,0.53,spy.
3325,icmp,remote_job,S3,745961,73647,0,3,0,12,5,1,4,0,0,2,1,0,0,0,0,0,423,294,0.11,0.58,0.59,0.51,0.07,0.22,0.32,105,48,0.44,0.15,0.76,0.88,0.63,0.49,0.99,0.97,imap.
57671,icmp,ftp,S2,89208,11896,0,0,0,22,4,0,9,0,0,8,3,0,2,0,0,0,19,165,0.81,0.03,0.24,0.21,0.16,0.76,0.99,139,134,0.59,0.43,0.96,0.08,0.89,0.47,0.39,0.06,warezmaster.
32501,udp,imap4,REJ,375501,741853,0,1,0,4,1,0,6,0,0,1,3,0,0,0,0,0,428,101,0.66,0.96,0.5,0.08,0.65,0.85,0.74,28,161,0.77,0.69,0.44,0.85,0.03,0.19,0.86,0.61,warezmaster.
3960,udp,IRC,S2,23813,14328,0,0,0,19,4,1,6,1,0,6,5,0,1,0,0,0,441,367,0.14,0.77,0.22,0.46,0.03,0.11,0.68,4,13,0.58,0.87,0.07,0.66,0.56,0.2,0.18,0.3,smurf.
52368,udp,hostnames,S3,1005,2401,0,0,0,28,5,0,9,0,0,3,3,0,2,0,0,0,308,375,0.01,0.58,0.19,0.52,0.89,0.91,0.84,72,191,0.55,0.34,0.27,0.32,0.87,0.21,0.77,0.89,normal.
51230,tcp,domain_u,RSTO,544609,903800,0,0,0,24,1,1,7,0,0,8,5,0,3,0,0,0,101,203,0.88,0.84,0.19,0.95,0.53,0.03,0.69,210,130,0.44,0.52,0.41,0.9,0.27,0.43,0.48,0.71,portsweep.
25748,tcp,other,S0,266,316,0,1,0,7,0,1,5,0,0,2,4,0,3,0,0,0,247,205,0.04,0.26,0.51,0.0,0.1,0.75,0.27,40,189,0.44,0.54,0.71,0.71,0.7,0.89,0.07,0.54,normal.
6683,udp,IRC,SF,406,3072,0,0,0,2,4,0,6,0,0,5,2,0,2,0,0,0,364,323,0.27,0.97,0.91,0.18,0.4,0.97,0.38,130,118,0.5,0.09,0.27,0.03,0.29,0.8,0.27,0.69,normal.
22148,icmp,imap4,S1,826203,444587,0,0,0,0,1,0,1,0,0,9,3,0,1,0,0,0,78,255,0.78,0.96,0.97,0.38,0.59,0.91,0.69,50,227,0.74,0.8,0.39,0.53,0.54,0.66,0.87,0.94,teardrop.
54901,icmp,ssh,S2,22519,828368,0,3,0,6,2,0,9,0,0,6,5,0,2,0,0,0,17,279,0.11,0.19,0.8,0.79,0.86,0.75,0.95,123,140,0.82,0.63,0.56,0.19,0.75,0.47,0.46,0.02,back.
11319,udp,rje,SH,747139,692863,0,3,0,10,5,0,4,0,0,9,2,0,2,0,0,0,146,314,0.75,0.43,0.33,0.14,0.08,0.74,0.7,181,222,0.13,0.34,0.5,0.97,0.11,0.97,0.74,1.0,portsweep.
56645,tcp,ssh,S2,214636,284061,0,0,0,14,4,1,5,0,0,3,2,0,0,0,0,0,418,210,0.71,0.55,0.82,0.42,0.91,0.51,0.49,46,23,0.05,0.44,0.47,0.97,0.1,0.68,0.62,0.64,warezmaster.
29391,udp,ftp,RSTR,42943,898037,0,0,0,27,4,1,8,0,0,1,5,0,2,0,0,0,89,321,0.71,0.64,0.89,0.25,0.71,0.77,0.79,103,109,0.48,0.67,0.81,0.71,0.86,0.66,0.57,0.55,back.
13639,tcp,telnet,S1,928262,341533,0,1,0,8,5,1,7,0,0,1,2,0,1,0,0,0,453,374,0.73,0.06,0.52,0.99,0.47,0.04,0.89,142,37,0.93,0.94,0.49,0.58,0.12,0.42,0.08,0.93,multihop.
16684,udp,ssh,S0,108077,610820,0,3,0,7,0,1,5,0,0,2,5,0,2,0,0,0,448,471,0.49,0.96,0.81,0.67,0.92,0.86,0.77,94,123,0.5,0.72,0.48,0.29,0.67,0.97,0.5,0.0,teardrop.
36720,icmp,ftp_data,REJ,357183,254018,0,0,0,10,0,0,1,0,0,8,1,0,1,0,0,0,208,248,0.57,0.59,0.61,0.67,0.41,0.02,0.54,184,104,0.55,0.22,0.57,1.0,0.46,0.41,0.4,0.83,buffer_overflow.
8755,tcp,http,SF,198088,716036,0,1,0,0,5,0,7,0,0,3,3,0,0,0,0,0,271,324,0.51,0.73,0.92,0.71,0.43,0.81,0.58,84,18,0.5,0.84,0.75,0.04,0.96,0.89,0.23,0.5,rootkit.
10128,icmp,login,S2,757634,319258,0,3,0,14,3,0,9,1,0,5,0,0,3,0,0,0,409,147,0.67,0.27,0.34,0.32,0.13,0.47,0.36,141,45,0.77,0.51,0.5,0.45,0.59,0.5,0.58,0.0,imap.
12702,udp,hostnames,REJ,305,499,0,0,0,13,1,1,9,0,0,0,1,0,1,0,0,0,433,381,0.39,0.95,0.26,0.17,0.93,0.95,0.22,5,16,1.0,0.46,0.78,0.26,0.76,0.73,0.23,0.09,normal.
22467,tcp,ssh,REJ,284964,487571,0,1,0,23,3,1,1,0,0,5,5,0,1,0,0,0,247,390,0.63,0.59,0.02,0.72,0.36,0.84,0.21,208,106,0.19,0.49,0.23,0.99,0.13,0.53,0.35,0.4,rootkit.
15130,udp,telnet,RSTR,521448,706917,0,0,0,5,2,0,1,0,0,3,1,0,3,0,0,0,423,393,0.73,0.71,0.05,0.54,0.58,0.14,0.21,17,104,0.74,0.01,0.2,0.23,0.76,0.68,0.63,0.54,rootkit.
13798,icmp,ecr_i,SH,417987,665444,0,0,0,4,2,1,8,0,0,4,3,0,1,0,0,0,226,52,0.59,0.8,0.64,0.37,0.94,0.68,0.48,215,197,0.54,0.89,0.65,0.39,0.37,0.71,0.31,0.73,rootkit.
9442,tcp,imap4,S2,698024,730572,0,3,0,25,1,1,9,0,0,6,2,0,0,0,0,0,166,106,0.71,0.63,0.45,0.65,0.99,0.6,0.52,185,104,0.26,0.96,0.53,0.56,0.64,0.57,0.22,0.46,warezmaster.
30719,icmp,pop_3,RSTR,710640,221487,0,0,0,22,2,0,3,0,0,1,4,0,2,0,0,0,388,298,0.82,0.42,0.35,0.36,0.08,0.68,0.03,169,5,0.4,0.43,0.91,0.65,0.4,0.67,0.04,0.65,imap.
19507,udp,login,S2,98168,913134,0,0,0,26,4,1,3,0,0,8,4,0,2,0,0,0,371,316,0.09,0.73,0.23,0.33,0.31,0.86,0.38,78,52,0.33,0.57,0.4,0.91,0.44,0.21,0.68,0.41,pod.
39565,udp,shell,SH,961495,625448,0,0,0,0,1,1,5,0,0,6,2,0,3,0,0,0,399,340,0.65,0.2,0.47,0.51,0.22,0.05,0.74,46,8,0.66,0.74,0.94,0.94,0.38,0.38,0.68,0.97,imap.
48223,udp,netbios_ns,RSTR,754782,738697,0,0,0,5,5,0,4,1,0,4,4,0,1,0,0,0,307,502,0.07,0.67,0.01,0.1,0.12,0.6,0.3,220,202,0.72,0.73,0.75,0.21,0.86,0.15,0.31,0.92,warezclient.
50695,icmp,rje,RSTR,696751,491812,0,3,0,11,4,1,10,0,0,1,3,0,3,0,0,0,408,30,0.79,0.62,0.02,0.2,0.1,0.41,0.92,187,55,0.01,0.35,0.49,0.25,0.27,0.44,0.57,0.3,satan.
51955,tcp,eco_i,S3,461876,805425,0,3,0,28,0,1,2,0,0,10,2,0,3,0,0,0,224,177,0.92,0.09,0.19,0.54,0.89,0.74,0.44,121,227,0.27,0.82,0.35,0.61,0.4,0.32,0.21,0.04,buffer_overflow.
48949,udp,smtp,REJ,251389,47268,0,3,0,27,4,1,4,1,0,9,5,0,1,0,0,0,136,477,0.22,0.77,0.23,0.25,0.41,0.33,1.0,95,52,0.69,0.39,0.82,0.5,0.06,0.52,0.05,0.33,neptune.
27499,icmp,finger,S1,447916,725,0,0,0,18,0,0,7,1,0,4,3,0,2,0,0,0,236,221,0.73,0.58,0.66,0.88,0.43,0.19,0.12,173,22,0.99,0.24,0.57,0.68,0.7,0.98,0.55,0.41,land.
46593,icmp,ftp,OTH,946802,669862,0,0,0,1,2,0,5,0,0,3,1,0,2,0,0,0,68,433,0.54,0.71,0.66,0.0,0.81,0.52,0.32,0,13,0.17,0.34,0.85,0.19,0.52,0.11,0.88,0.03,rootkit.
56070,udp,imap4,S2,99275,568304,0,0,0,29,2,0,6,0,0,9,2,0,0,0,0,0,98,468,0.4,0.78,0.37,0.88,0.34,0.58,0.67,113,210,0.53,0.08,0.43,0.66,0.08,0.01,0.01,0.31,neptune.
39154,tcp,private,S3,748,141,0,1,0,29,5,0,9,1,0,1,1,0,1,0,0,0,107,417,0.14,0.76,0.28,0.35,0.96,0.04,0.87,135,21,0.67,0.94,0.83,0.48,0.68,0.94,0.47,0.36,normal.
22856,udp,telnet,S2,267267,567176,0,0,0,12,3,0,1,0,0,6,5,0,1,0,0,0,370,17,0.65,0.92,0.99,0.59,0.83,0.94,0.43,251,47,0.17,0.12,0.43,0.83,0.06,0.08,0.12,0.73,guess_passwd.
46560,icmp,eco_i,OTH,884742,638268,0,0,0,6,0,0,5,0,0,9,5,0,3,0,0,0,298,369,0.92,0.06,0.79,0.22,0.79,0.82,0.34,220,53,0.85,0.88,0.7,0.63,0.57,0.4,0.55,0.97,multihop.
2021,udp,private,S0,68264,147830,0,0,0,26,1,1,0,0,0,6,2,0,0,0,0,0,483,353,0.89,0.77,0.25,0.75,0.81,0.84,0.88,38,255,0.91,0.26,0.8,0.55,0.24,0.42,0.33,0.28,warezclient.
1955,udp,http,OTH,713141,850977,0,0,0,26,4,0,6,0,0,7,2,0,2,0,0,0,204,222,0.59,0.22,0.62,0.55,0.83,0.57,0.04,132,72,0.61,0.27,0.31,0.67,0.66,0.29,0.36,0.93,warezclient.
29036,udp,private,SH,889163,199789,0,3,0,9,3,1,6,0,0,9,2,0,1,0,0,0,23,50,0.39,0.86,0.29,0.14,0.98,0.4,0.47,150,192,0.89,0.32,0.91,0.13,0.78,0.69,0.13,0.81,phf.
5557,tcp,IRC,S1,143765,806069,0,3,0,12,3,0,3,0,0,9,4,0,1,0,0,0,139,414,0.94,0.88,0.59,0.63,0.79,0.41,0.65,63,202,0.37,0.16,0.5,0.49,0.68,0.04,0.06,0.36,ipsweep.
8659,tcp,ftp,REJ,337944,155146,0,0,0,5,1,1,2,0,0,6,0,0,0,0,0,0,267,165,0.75,0.52,0.62,0.6,0.88,0.45,0.11,28,173,0.77,0.01,0.36,0.73,0.23,0.2,0.09,0.72,buffer_overflow.
17838,udp,login,SF,345387,642378,0,3,0,7,2,0,3,0,0,2,5,0,0,0,0,0,4,310,0.09,0.15,0.88,0.27,0.26,0.74,0.73,141,38,0.28,0.03,0.9,0.93,0.49,0.22,0.69,0.8,rootkit.
44624,icmp,netbios_ns,S2,620485,799076,0,3,0,4,5,1,0,0,0,1,0,0,3,0,0,0,477,272,0.15,0.09,0.49,0.94,0.87,0.9,0.52,55,7,0.96,0.8,0.57,0.15,0.31,0.97,0.34,0.46,smurf.
49467,udp,domain_u,SH,379188,528413,0,1,0,14,2,1,2,1,0,3,5,0,2,0,0,0,258,268,0.95,0.14,0.75,0.99,0.82,0.15,0.31,95,65,0.64,0.2,0.12,0.9,0.97,0.68,0.76,0.55,imap.
3018,tcp,ecr_i,SH,383279,241593,0,3,0,23,4,0,8,1,0,2,0,0,2,0,0,0,226,204,0.47,0.38,0.38,0.04,0.13,0.55,0.5,164,228,0.08,0.67,0.06,0.47,0.21,0.68,0.82,0.72,back.
36401,udp,shell,RSTR,107712,389459,0,0,0,12,1,0,10,0,0,7,2,0,0,0,0,0,132,405,0.95,0.22,0.64,0.12,0.81,0.08,0.92,182,72,0.59,0.87,0.38,0.31,0.71,0.31,0.93,0.21,ipsweep.
52146,icmp,other,S0,850158,128431,0,0,0,7,1,0,4,1,0,2,4,0,3,0,0,0,432,316,0.47,0.09,0.75,0.75,0.79,0.3,0.29,254,186,0.74,0.54,0.36,0.55,0.41,0.07,0.53,0.51,imap.
33537,udp,smtp,REJ,121219,384152,0,3,0,18,1,1,9,0,0,3,3,0,3,0,0,0,501,471,0.22,0.13,0.9,0.58,0.05,0.92,0.21,82,85,0.19,0.87,0.32,0.56,0.93,0.44,0.29,0.21,buffer_overflow.
20460,icmp,pop_3,RSTR,811,4551,0,1,0,9,3,1,7,0,0,0,3,0,0,0,0,0,114,207,0.38,0.86,0.98,0.35,0.01,0.67,0.45,71,82,0.85,0.55,0.15,0.87,0.18,0.69,0.54,0.12,normal.
56276,icmp,login,S3,173049,504114,0,3,0,25,2,1,2,1,0,4,5,0,1,0,0,0,307,106,0.2,0.01,0.3,0.78,0.64,1.0,0.43,85,18,0.9,0.4,0.97,0.03,0.27,0.35,0.23,0.18,smurf.
42823,udp,domain_u,SH,546361,850785,0,0,0,18,4,0,1,0,0,6,2,0,0,0,0,0,79,496,0.26,0.12,0.87,0.75,0.47,0.68,0.47,9,157,0.56,0.73,0.23,0.38,0.63,0.53,0.08,0.41,teardrop.
37970,udp,imap4,S3,845666,655804,0,0,0,18,2,0,1,0,0,7,4,0,1,0,0,0,472,54,0.21,0.85,0.19,0.69,0.34,0.5,0.49,236,218,0.52,0.48,0.37,0.21,0.79,0.43,0.21,0.78,back.
31819,udp,shell,S0,708,1802,0,3,0,0,4,1,2,1,0,7,1,0,1,0,0,0,103,312,0.61,0.68,0.49,0.41,0.36,0.03,0.09,41,114,0.61,0.33,0.53,0.0,0.28,0.75,0.41,0.25,normal.
10242,tcp,ecr_i,OTH,633034,13386,0,0,0,0,5,1,1,1,0,4,3,0,0,0,0,0,160,430,0.63,0.8,0.6,0.96,0.34,0.91,0.22,13,195,0.45,0.94,0.38,0.67,0.39,0.18,0.04,0.68,imap.
2952,tcp,domain_u,S2,371,3541,0,0,0,7,5,0,0,0,0,8,3,0,3,0,0,0,503,82,0.9,0.91,0.62,0.47,0.66,0.75,0.36,227,100,0.16,0.88,0.47,0.12,0.68,0.31,0.62,0.83,normal.
44297,udp,domain_u,REJ,765625,877336,0,1,0,0,4,1,8,0,0,6,4,0,3,0,0,0,387,33,0.03,0.76,0.34,0.6,0.2,0.35,0.38,245,150,0.83,0.95,0.92,0.99,0.41,0.27,0.5,0.17,satan.
9855,udp,IRC,S2,689808,444907,0,0,0,19,3,1,5,1,0,10,5,0,3,0,0,0,198,317,0.26,0.58,0.27,0.44,0.08,0.35,0.63,122,140,0.85,0.91,0.86,0.65,0.72,0.13,0.02,0.36,smurf.
32450,tcp,shell,SF,586319,760191,0,0,0,21,5,1,5,0,0,10,4,0,2,0,0,0,171,450,0.03,0.44,0.81,0.28,0.87,0.03,0.97,3,191,0.23,0.22,0.73,0.37,0.4,0.19,0.72,0.12,satan.
39376,udp,finger,S3,44983,730466,0,0,0,25,0,1,3,1,0,3,0,0,2,0,0,0,45,181,0.0,0.88,0.22,0.81,0.71,0.84,0.31,23,72,0.41,0.52,0.87,0.45,0.58,0.21,0.89,0.92,portsweep.
18424,icmp,login,RSTO,725254,826993,0,1,0,27,3,0,3,0,0,2,3,0,1,0,0,0,421,402,0.57,0.47,0.11,0.59,0.78,0.71,0.76,145,35,0.05,0.09,0.18,0.49,0.04,0.8,0.11,0.87,satan.
7535,udp,finger,S3,275115,620651,0,1,0,15,4,1,3,0,0,3,0,0,3,0,0,0,45,135,0.25,0.89,0.45,0.66,0.27,0.95,0.53,107,174,0.02,0.81,0.34,0.76,0.64,0.18,0.03,0.76,back.
47592,udp,pop_3,S2,684,3544,0,1,0,1,3,0,10,0,0,2,4,0,1,0,0,0,123,453,0.72,0.92,0.86,0.57,0.13,0.49,0.25,152,52,0.7,0.97,0.91,0.25,0.41,0.5,0.01,0.92,normal.
51019,tcp,other,OTH,69350,795339,0,0,0,20,3,1,1,0,0,6,2,0,0,0,0,0,254,19,0.97,0.53,0.76,0.68,0.3,0.53,0.27,100,5,0.23,0.52,0.77,0.46,0.43,0.87,0.66,0.69,rootkit.
56883,udp,ecr_i,OTH,264,3925,0,0,0,16,0,0,3,0,0,7,4,0,1,0,0,0,406,340,0.79,0.8,0.26,0.74,0.08,0.49,0.52,136,133,0.99,0.89,0.55,0.66,0.9,1.0,0.59,0.02,normal.
41000,tcp,netbios_ns,SH,456879,5325,0,0,0,4,3,0,1,0,0,2,1,0,0,0,0,0,461,67,0.61,0.6,0.62,0.38,0.22,0.96,0.82,84,125,0.36,0.96,0.35,0.97,0.98,0.03,0.6,0.59,neptune.
18034,tcp,private,S2,218607,969294,0,0,0,0,0,0,10,0,0,3,0,0,2,0,0,0,3,12,0.29,0.2,0.66,0.53,0.7,0.76,0.69,196,64,0.81,0.06,0.53,0.12,0.69,0.57,0.91,0.06,warezclient.
19485,icmp,finger,S2,228080,959678,0,3,0,11,3,1,9,1,0,3,4,0,1,0,0,0,139,426,0.72,0.64,0.33,0.53,0.1,0.86,0.54,248,74,0.86,0.19,0.52,0.14,0.93,0.85,0.59,0.87,warezclient.
33059,udp,private,SH,747,3825,0,1,0,24,4,0,5,0,0,9,0,0,1,0,0,0,28,480,0.51,0.58,0.73,0.85,0.62,0.84,0.26,232,198,0.1,0.8,0.01,0.71,0.29,0.55,0.59,0.12,normal.
55398,udp,http,S3,599899,142847,0,0,0,9,3,1,0,0,0,5,0,0,3,0,0,0,478,436,0.41,0.93,0.35,0.35,0.7,0.77,0.21,170,39,0.86,0.51,0.71,0.66,0.45,0.78,0.3,0.77,warezmaster.
41129,udp,other,RSTO,390179,602327,0,0,0,11,2,0,2,0,0,8,3,0,1,0,0,0,436,148,0.74,0.81,0.25,0.6,0.62,0.02,0.06,145,169,0.89,0.6,0.28,0.83,0.57,0.74,0.46,0.27,satan.
55407,tcp,login,S1,139011,207070,0,3,0,10,3,1,1,0,0,5,2,0,1,0,0,0,176,462,0.03,0.17,0.45,0.45,0.62,0.79,0.38,63,79,0.91,0.99,0.49,0.68,0.4,0.2,0.06,0.28,spy.
7417,icmp,ssh,RSTR,289726,108232,0,1,0,29,5,0,0,0,0,4,2,0,2,0,0,0,285,124,0.79,0.35,0.62,0.34,0.83,0.92,0.8,62,217,0.99,0.96,0.66,0.2,0.79,0.93,0.48,0.97,warezclient.
27181,icmp,smtp,S3,860222,820321,0,3,0,11,0,1,9,0,0,0,4,0,3,0,0,0,389,368,0.05,0.2,0.47,0.37,0.33,0.47,0.32,81,47,0.63,0.58,0.58,0.22,0.56,0.89,0.78,0.62,portsweep.
57038,tcp,login,SF,548942,603721,0,3,0,16,4,1,10,0,0,1,0,0,2,0,0,0,191,405,0.76,0.2,0.08,0.11,0.84,0.17,0.16,145,24,0.03,0.71,0.69,0.73,0.71,0.94,0.43,0.5,pod.
12120,tcp,eco_i,S3,916,4249,0,0,0,30,5,0,8,0,0,8,2,0,2,0,0,0,488,481,0.45,0.1,0.76,0.77,0.43,0.25,0.88,69,4,0.54,0.3,0.7,0.19,0.19,0.77,0.43,0.48,normal.
47705,udp,finger,RSTO,61,2110,0,1,0,20,4,0,10,0,0,7,4,0,3,0,0,0,209,123,0.44,0.78,0.33,0.09,0.69,0.47,0.82,154,139,0.61,0.17,0.39,0.45,0.09,0.93,0.26,0.82,normal.
51981,icmp,shell,SH,261432,96313,0,0,0,10,3,1,4,0,0,3,4,0,2,0,0,0,6,483,0.15,0.38,0.79,0.76,0.85,0.94,0.81,137,198,0.39,0.67,0.81,0.06,0.9,0.66,0.54,0.84,smurf.
51216,tcp,eco_i,REJ,279224,402347,0,3,0,15,1,0,0,0,0,7,1,0,1,0,0,0,249,362,0.56,0.27,0.98,0.68,0.06,0.51,0.49,154,167,0.5,0.24,0.93,0.79,0.33,0.39,0.8,0.89,ftp_write.
50826,udp,IRC,SH,865782,840058,0,1,0,16,3,0,0,0,0,5,0,0,1,0,0,0,470,203,0.64,0.48,0.42,0.64,0.94,0.26,0.97,114,84,0.47,0.37,0.11,0.96,0.36,0.88,0.8,0.18,multihop.
19125,tcp,ftp,S3,883,3629,0,0,0,14,5,0,5,0,0,0,1,0,2,0,0,0,43,324,0.57,0.57,0.53,0.67,0.66,0.8,0.41,51,120,0.22,0.88,0.55,0.05,0.09,0.26,0.19,0.19,normal.
46502,icmp,pop_3,S2,942714,443877,0,1,0,22,1,0,7,0,0,4,1,0,1,0,0,0,105,281,0.1,0.4,0.92,0.74,0.51,0.97,0.74,251,22,0.04,0.15,0.6,0.53,0.35,0.9,0.65,0.83,neptune.
38035,udp,imap4,OTH,627675,21946,0,0,0,27,1,1,0,0,0,5,4,0,3,0,0,0,49,491,0.11,0.29,0.32,0.98,0.82,0.04,0.94,3,247,0.48,0.9,0.72,0.12,0.04,0.08,0.6,0.15,land.
7126,udp,remote_job,OTH,933,2355,0,0,0,25,1,1,1,0,0,7,1,0,1,0,0,0,23,146,0.25,0.61,0.44,0.25,0.09,0.41,0.41,203,22,0.18,0.2,0.09,0.41,0.36,0.51,0.42,0.15,normal.
21355,udp,hostnames,REJ,441436,479097,0,0,0,28,0,0,6,1,0,0,1,0,3,0,0,0,371,161,0.11,0.01,0.96,0.9,0.85,0.92,0.92,249,21,0.43,0.0,0.46,0.08,0.07,0.18,0.7,0.09,satan.
29729,icmp,shell,RSTR,849548,188983,0,0,0,11,1,0,3,0,0,10,2,0,2,0,0,0,272,145,0.73,0.7,0.97,0.87,0.42,0.47,0.06,226,151,0.19,0.86,0.71,0.23,0.15,0.18,0.68,0.41,ipsweep.
51388,udp,ssh,SH,775123,115730,0,3,0,0,1,0,4,0,0,10,0,0,2,0,0,0,364,157,0.54,0.03,0.32,0.05,0.22,0.28,0.77,126,114,0.98,0.2,0.24,0.32,0.71,0.37,0.3,0.47,rootkit.
189,icmp,remote_job,RSTO,244,3322,0,0,0,7,3,1,0,0,0,1,3,0,0,0,0,0,425,495,0.75,0.44,0.11,0.18,0.7,0.87,0.17,114,108,0.92,0.63,0.57,0.47,0.45,0.84,0.54,0.38,normal.
29754,udp,shell,S2,767,301,0,0,0,19,0,1,3,0,0,0,5,0,0,0,0,0,503,30,0.69,0.72,0.89,0.59,0.77,0.61,0.55,126,37,0.49,0.21,0.89,0.29,0.5,0.52,0.71,0.26,normal.
2828,udp,imap4,RSTO,973158,912380,0,0,0,26,1,1,9,0,0,5,3,0,0,0,0,0,340,255,0.85,0.99,0.87,0.01,0.26,0.18,0.01,164,217,0.15,0.94,0.18,0.11,0.66,0.16,0.03,0.13,land.
43099,udp,ftp,S0,588369,457294,0,3,0,27,0,0,0,0,0,6,0,0,0,0,0,0,302,143,0.84,0.0,0.56,0.65,0.05,0.87,0.99,255,207,0.67,0.53,0.34,0.84,0.67,0.69,0.46,0.82,phf.
51438,tcp,ftp,RSTO,703620,617264,0,1,0,4,5,1,8,0,0,1,0,0,2,0,0,0,219,332,0.66,0.74,0.91,0.31,0.03,0.49,0.2,162,185,0.39,0.8,0.69,0.99,0.82,0.15,0.35,0.82,buffer_overflow.
13412,udp,IRC,RSTR,941,2312,0,3,0,25,5,0,5,0,0,0,3,0,2,0,0,0,55,218,0.47,0.27,0.81,0.52,0.64,0.19,0.54,66,57,0.49,0.5,0.51,0.94,0.28,0.45,0.24,0.86,normal.
40825,icmp,hostnames,S3,321802,226660,0,3,0,7,2,1,9,1,0,1,1,0,2,0,0,0,75,396,0.04,0.08,0.2,0.7,0.89,0.43,0.58,76,195,0.81,0.11,0.09,0.42,0.59,0.19,0.37,0.68,imap.
41098,tcp,eco_i,S3,501628,583859,0,0,0,1,2,1,8,0,0,8,5,0,3,0,0,0,192,119,0.24,0.84,0.18,0.69,0.05,0.6,0.28,251,129,0.48,0.12,0.19,0.16,0.59,0.66,0.2,0.75,smurf.
29626,tcp,rje,REJ,261,1125,0,3,0,7,0,1,10,1,0,8,3,0,2,0,0,0,464,478,0.01,0.24,0.65,0.69,0.81,0.44,0.84,28,161,0.33,0.48,0.66,0.72,0.78,0.56,0.46,0.2,normal.
43864,udp,domain_u,RSTO,653,1690,0,0,0,7,4,0,1,0,0,7,2,0,0,0,0,0,439,301,0.14,0.97,0.16,0.62,0.52,0.73,0.19,191,230,0.64,0.99,0.19,0.61,0.2,0.58,0.41,0.38,normal.
312,icmp,remote_job,SH,340276,17377,0,1,0,18,2,0,9,0,0,4,0,0,0,0,0,0,403,368,0.07,0.3,0.86,0.78,0.59,0.26,0.19,142,76,0.11,0.96,0.11,0.52,0.07,0.55,0.64,0.42,satan.
42041,tcp,domain_u,REJ,799707,888691,0,3,0,7,2,1,5,0,0,8,2,0,0,0,0,0,52,46,0.32,0.5,0.86,0.3,0.37,0.05,0.09,210,146,0.84,0.88,0.16,0.19,0.83,0.33,0.32,0.42,imap.
212,tcp,ftp_data,RSTR,358280,743491,0,0,0,25,3,0,2,0,0,9,2,0,0,0,0,0,251,429,0.86,0.75,0.25,0.3,0.28,0.38,0.06,174,132,0.47,0.05,0.66,0.42,0.8,0.25,0.57,0.85,neptune.
3373,udp,rje,SH,221,3204,0,0,0,10,1,0,4,0,0,2,0,0,1,0,0,0,85,150,0.63,0.49,0.4,0.38,0.04,0.61,0.44,43,171,0.27,0.19,0.67,0.43,0.36,0.8,0.14,0.34,normal.
52436,tcp,hostnames,S1,730482,795887,0,0,0,17,0,1,10,0,0,10,2,0,3,0,0,0,281,88,0.57,0.7,0.18,0.8,0.59,0.17,0.81,59,52,0.65,0.16,0.58,0.61,0.5,0.29,0.28,0.75,imap.
53449,icmp,imap4,S1,945061,605286,0,3,0,6,4,0,4,0,0,6,2,0,1,0,0,0,3,464,0.12,0.16,0.71,0.11,0.3,0.04,0.05,154,157,0.44,0.98,0.51,0.52,0.4,0.62,0.54,0.69,smurf.
30366,tcp,shell,S0,506,3158,0,1,0,28,5,1,9,0,0,6,2,0,2,0,0,0,356,328,0.58,1.0,0.97,0.19,0.15,0.11,0.65,48,50,0.19,0.52,0.88,0.22,0.36,0.83,0.53,0.17,normal.
18993,tcp,remote_job,RSTO,979460,750010,0,0,0,23,1,0,4,1,0,2,3,0,3,0,0,0,427,42,0.63,1.0,0.16,0.99,0.31,0.94,0.97,129,81,0.24,0.42,0.8,0.81,0.47,0.03,0.77,0.62,pod.
12969,icmp,ssh,OTH,787789,561263,0,1,0,20,5,1,6,1,0,4,0,0,3,0,0,0,250,442,0.13,0.04,0.65,0.18,0.29,0.69,0.02,111,18,0.88,0.37,0.07,0.69,0.81,0.75,0.71,0.49,spy.
18589,udp,telnet,SH,566,1497,0,1,0,11,2,0,6,0,0,9,1,0,3,0,0,0,433,223,0.75,0.95,0.71,0.23,0.55,0.7,0.22,52,86,0.8,0.51,0.19,0.38,0.19,0.67,0.17,0.83,normal.
42658,udp,pop_3,SF,501328,927611,0,0,0,8,1,0,5,1,0,10,1,0,0,0,0,0,267,315,0.6,0.58,0.07,0.08,0.43,0.58,0.19,41,97,0.32,0.31,0.47,0.06,0.01,0.47,0.85,0.66,guess_passwd.
31423,udp,http,S3,578372,963459,0,0,0,18,2,1,3,0,0,7,3,0,3,0,0,0,361,491,0.41,0.77,0.24,0.93,0.81,0.91,0.36,131,143,0.74,0.28,0.17,0.9,0.58,0.34,0.2,0.85,buffer_overflow.
46398,tcp,hostnames,OTH,70591,368069,0,0,0,3,4,1,3,0,0,1,5,0,0,0,0,0,14,306,0.41,0.31,0.11,0.23,0.86,0.93,0.23,182,5,0.94,0.34,0.03,0.06,0.24,0.88,0.91,0.14,smurf.
8802,udp,other,S3,825067,849179,0,1,0,27,0,0,10,0,0,3,5,0,0,0,0,0,72,265,0.08,0.06,0.79,0.53,0.62,0.73,0.75,180,157,0.67,0.74,0.85,0.32,0.14,0.82,0.07,0.16,teardrop.
20786,icmp,login,RSTR,794212,898240,0,1,0,28,1,0,1,0,0,9,1,0,1,0,0,0,508,506,0.11,0.02,0.54,0.4,0.97,0.05,0.43,171,132,0.67,0.03,0.23,0.93,0.1,0.8,0.24,0.42,spy.
24394,icmp,ftp,SF,962273,46695,0,0,0,2,4,0,4,0,0,4,0,0,0,0,0,0,230,24,0.13,0.26,0.42,0.42,0.55,0.53,0.64,98,94,0.76,0.28,0.61,0.48,0.91,0.01,0.66,0.96,guess_passwd.
12301,icmp,finger,S2,268239,223394,0,0,0,9,2,0,1,0,0,6,2,0,0,0,0,0,446,24,0.8,0.29,0.4,0.07,0.63,0.11,0.12,172,187,0.33,0.75,0.57,0.13,0.72,0.76,1.0,0.68,teardrop.
44499,tcp,shell,SH,866,3803,0,0,0,21,0,1,6,0,0,8,4,0,3,0,0,0,367,284,0.91,0.82,0.49,0.48,0.44,0.37,0.06,245,237,0.66,0.13,0.21,0.54,0.53,0.57,0.61,0.64,normal.
2734,udp,pop_3,S2,235745,40721,0,0,0,11,0,1,5,0,0,8,3,0,0,0,0,0,331,378,0.79,0.83,0.22,0.11,0.56,0.69,0.5,206,159,0.73,0.04,0.63,0.8,0.35,0.48,0.32,0.33,neptune.
37272,tcp,remote_job,SH,250007,693816,0,1,0,23,1,0,5,0,0,4,4,0,1,0,0,0,393,121,0.58,0.45,0.67,0.32,0.03,0.41,0.52,215,233,0.01,0.98,0.74,0.96,0.07,0.36,0.46,0.66,smurf.
3615,icmp,imap4,SH,715591,680400,0,0,0,23,2,0,10,0,0,4,2,0,0,0,0,0,231,389,0.94,0.52,0.59,0.41,0.47,0.97,0.87,84,69,0.97,0.8,0.76,0.03,0.04,0.78,0.68,0.01,neptune.
1419,icmp,finger,S2,796723,71356,0,0,0,25,1,1,6,0,0,7,2,0,3,0,0,0,276,355,0.02,0.94,0.09,0.89,0.95,0.99,0.55,209,247,0.08,0.42,0.95,0.15,0.43,0.77,0.3,0.95,teardrop.
3885,icmp,ecr_i,OTH,575263,434559,0,1,0,2,0,0,1,1,0,7,0,0,1,0,0,0,125,81,0.33,0.78,0.69,0.66,0.22,0.75,0.46,68,157,0.84,0.66,0.77,0.57,0.61,0.48,0.89,0.6,buffer_overflow.
3921,tcp,ssh,SF,273449,836863,0,0,0,16,0,1,7,0,0,4,3,0,1,0,0,0,146,240,0.02,0.86,0.12,0.93,0.68,0.06,0.51,147,125,0.14,0.08,0.26,0.36,0.38,0.37,0.51,0.12,multihop.
24065,icmp,ftp,S2,59631,22621,0,0,0,8,1,1,4,0,0,2,2,0,3,0,0,0,413,350,0.47,0.03,0.81,0.97,0.69,0.21,0.14,46,79,0.21,0.07,0.34,0.11,0.07,0.59,0.92,0.03,satan.
1819,udp,http,S2,209,2030,0,1,0,20,4,0,0,0,0,5,1,0,1,0,0,0,39,501,0.67,0.26,0.65,0.42,0.93,0.65,0.95,187,102,0.56,0.67,0.32,0.42,0.12,0.41,0.96,0.31,normal.
37412,icmp,shell,RSTO,283256,770240,0,0,0,13,5,0,8,0,0,5,2,0,1,0,0,0,225,391,0.77,0.88,0.54,0.15,0.53,0.72,0.62,30,54,0.27,0.61,0.82,0.66,0.97,0.18,0.19,0.19,imap.
24277,icmp,eco_i,SH,536006,58681,0,0,0,30,5,1,10,0,0,8,4,0,0,0,0,0,173,15,0.93,0.5,0.05,0.5,0.67,0.09,0.69,230,108,0.36,0.79,0.82,0.91,0.36,0.28,0.7,0.49,guess_passwd.
16587,udp,ecr_i,OTH,409488,277393,0,3,0,7,0,1,6,0,0,0,0,0,3,0,0,0,5,198,0.57,0.87,0.92,0.39,0.55,0.13,0.74,234,186,0.81,0.8,0.5,0.59,0.79,0.82,0.56,0.9,buffer_overflow.
42809,udp,http,OTH,105566,146500,0,0,0,0,2,0,7,0,0,5,2,0,2,0,0,0,375,102,0.6,0.04,0.76,0.06,0.83,0.61,0.99,113,72,0.84,0.74,0.47,0.44,0.14,0.95,0.36,0.94,land.
46311,udp,finger,RSTR,254,3229,0,0,0,6,1,1,0,0,0,10,5,0,2,0,0,0,127,346,0.63,0.51,0.53,0.95,0.94,0.46,0.57,79,124,0.43,0.79,0.5,0.91,0.57,0.73,0.34,0.8,normal.
45786,icmp,imap4,OTH,371236,883659,0,1,0,23,4,0,2,1,0,3,5,0,0,0,0,0,253,364,0.87,0.68,0.86,0.8,0.44,0.11,0.23,74,143,0.9,0.16,0.6,0.21,0.86,0.91,0.48,0.1,imap.
53457,udp,http,RSTO,42399,291677,0,1,0,10,5,1,1,0,0,2,4,0,3,0,0,0,119,259,0.08,0.12,0.02,0.01,0.14,0.87,0.13,82,19,0.48,0.65,0.68,0.34,0.36,0.79,0.93,0.98,portsweep.
28990,udp,other,S2,558,1495,0,0,0,19,1,1,4,0,0,3,5,0,3,0,0,0,100,375,0.79,0.72,0.52,0.22,0.42,0.75,0.19,176,61,0.04,0.14,0.0,0.44,0.17,0.26,0.89,0.63,normal.
34204,udp,rje,S1,828452,971447,0,0,0,6,3,0,5,0,0,7,1,0,0,0,0,0,497,14,0.36,0.0,0.57,0.19,0.56,0.22,0.67,185,26,0.48,0.21,0.23,0.45,0.83,0.23,0.98,0.61,warezmaster.
58267,udp,ftp,RSTO,542317,356395,0,0,0,28,1,1,10,0,0,9,5,0,0,0,0,0,270,77,0.41,0.72,0.0,0.06,0.15,0.03,0.66,244,43,0.87,0.94,0.12,0.58,0.75,0.28,0.18,0.6,smurf.
45853,udp,rje,S1,809947,39638,0,0,0,7,1,0,5,1,0,5,0,0,3,0,0,0,185,229,0.79,0.03,0.17,0.01,0.94,0.53,0.06,222,1,0.89,0.28,0.07,0.34,0.17,0.8,0.28,0.95,phf.
3085,udp,pop_3,S3,866,4043,0,0,0,16,5,1,5,0,0,10,4,0,2,0,0,0,487,508,0.0,0.34,0.75,0.3,0.04,0.62,0.91,90,127,0.39,0.62,0.68,0.13,0.18,0.43,0.34,0.54,normal.
18876,icmp,telnet,SF,631,1851,0,3,0,8,5,1,0,0,0,6,1,0,0,0,0,0,250,449,0.39,0.66,0.93,0.6,0.2,0.57,0.29,217,193,0.45,0.97,0.44,0.89,0.56,0.88,0.42,0.51,normal.
54783,udp,remote_job,SH,468208,283884,0,3,0,2,0,0,6,1,0,7,5,0,1,0,0,0,501,220,0.29,0.09,0.45,0.24,0.58,0.54,0.89,110,232,0.47,0.07,0.16,0.57,0.88,0.11,0.74,0.36,warezmaster.
39166,icmp,telnet,RSTO,258838,981989,0,1,0,17,0,1,7,0,0,4,0,0,3,0,0,0,322,302,0.2,0.34,0.8,0.84,0.37,0.79,0.18,221,71,0.76,0.83,0.77,0.94,0.22,0.97,0.73,0.47,multihop.
22432,udp,ftp_data,REJ,381897,408307,0,1,0,5,0,0,3,0,0,0,4,0,2,0,0,0,235,338,0.51,0.58,0.79,0.12,0.23,0.71,0.18,198,194,0.02,0.58,0.78,0.85,0.88,0.33,0.49,0.54,smurf.
42818,icmp,smtp,RSTR,32323,212005,0,0,0,2,1,1,5,0,0,2,4,0,2,0,0,0,223,375,0.94,0.27,0.89,0.6,0.86,0.87,0.8,14,255,0.8,0.43,0.02,0.27,0.38,0.83,0.79,0.25,portsweep.
2056,tcp,ecr_i,OTH,83199,765011,0,1,0,9,2,0,6,1,0,1,5,0,3,0,0,0,123,258,0.91,0.46,0.19,0.08,0.36,0.48,0.49,154,3,0.74,0.25,0.37,0.5,0.43,0.52,0.29,0.54,satan.
20159,tcp,ecr_i,REJ,512788,530479,0,0,0,28,1,0,4,0,0,9,4,0,3,0,0,0,89,215,0.21,0.26,0.57,0.08,0.16,0.2,0.22,81,62,0.31,0.79,0.01,0.7,0.12,0.86,0.14,0.7,buffer_overflow.
47079,udp,pop_3,RSTO,967830,818482,0,0,0,13,3,1,1,0,0,10,2,0,0,0,0,0,376,487,0.46,0.7,0.39,0.3,0.42,0.59,0.23,43,50,0.4,0.82,0.31,0.44,0.4,0.92,0.82,0.95,land.
24408,udp,login,S1,420343,903167,0,0,0,15,3,0,8,0,0,2,0,0,2,0,0,0,436,329,0.14,0.44,0.33,0.32,0.19,0.49,0.06,253,68,0.59,0.5,1.0,0.47,0.3,0.28,0.17,0.43,ipsweep.
45864,icmp,imap4,SF,434272,933663,0,3,0,5,4,1,10,0,0,10,4,0,3,0,0,0,402,352,0.28,0.06,0.8,0.14,0.41,0.96,0.2,19,125,0.16,0.87,0.26,0.06,0.09,0.7,1.0,0.82,multihop.
15847,tcp,ftp,S0,966556,117480,0,3,0,8,5,0,6,0,0,4,4,0,2,0,0,0,176,268,0.5,0.37,0.7,0.36,0.57,0.1,0.07,98,210,0.61,0.94,0.35,0.71,0.52,0.32,0.94,0.96,pod.
13088,icmp,pop_3,S2,747235,970381,0,0,0,21,1,1,5,1,0,6,4,0,3,0,0,0,499,449,0.25,0.99,0.81,0.54,0.81,0.36,0.89,223,128,0.07,0.65,0.92,0.33,0.68,0.9,0.69,0.6,guess_passwd.
38217,tcp,login,REJ,276548,902521,0,1,0,29,4,1,10,1,0,6,5,0,1,0,0,0,304,101,0.39,0.89,0.94,0.28,0.43,0.86,0.84,248,234,0.19,0.48,0.73,0.61,0.99,0.09,0.88,0.13,spy.
53293,tcp,shell,SF,712691,824837,0,3,0,10,5,0,0,0,0,8,5,0,3,0,0,0,82,52,0.92,0.12,0.86,0.37,0.08,0.04,0.27,180,195,0.17,0.3,0.99,0.27,0.69,0.15,0.09,0.34,buffer_overflow.
14225,icmp,eco_i,OTH,222442,711053,0,0,0,1,4,0,4,0,0,2,3,0,1,0,0,0,166,124,0.67,0.09,0.28,0.24,0.64,0.31,0.94,145,33,0.67,0.89,0.06,0.88,0.53,0.19,0.95,0.05,portsweep.
24187,tcp,shell,RSTR,773326,909240,0,0,0,30,1,0,9,1,0,0,1,0,2,0,0,0,139,3,0.3,0.79,0.09,0.91,0.01,0.48,0.67,89,120,0.68,0.7,0.24,0.93,0.76,0.49,0.63,0.22,teardrop.
23238,udp,ecr_i,S2,417162,68022,0,1,0,4,3,1,7,0,0,5,2,0,2,0,0,0,286,475,0.11,0.47,0.1,0.91,0.41,0.11,0.89,126,111,0.8,0.58,0.87,0.61,0.18,0.71,0.83,0.96,portsweep.
3858,icmp,ftp_data,RSTR,927677,267054,0,0,0,20,1,0,6,0,0,7,4,0,2,0,0,0,259,93,0.89,0.81,0.47,0.22,0.88,0.56,0.83,22,113,0.45,0.11,0.6,0.15,0.44,0.6,0.57,0.79,warezclient.
30274,icmp,ftp,RSTO,841001,189540,0,0,0,25,5,0,6,0,0,2,0,0,3,0,0,0,439,335,0.72,0.33,0.09,0.0,0.28,0.25,0.39,110,200,0.27,0.25,0.82,0.75,0.56,0.79,0.59,0.25,back.
45221,icmp,http,SF,485898,659817,0,0,0,5,3,1,8,0,0,5,1,0,3,0,0,0,261,25,0.85,0.51,0.88,0.45,0.55,0.67,0.11,111,96,0.54,0.37,0.04,0.04,0.04,0.06,0.42,0.63,neptune.
22420,icmp,login,S2,913,2709,0,0,0,12,2,1,1,1,0,2,4,0,2,0,0,0,494,237,0.65,0.24,0.27,0.42,0.22,0.18,0.29,193,181,0.65,0.97,0.67,0.86,0.53,0.94,0.77,0.33,normal.
26923,icmp,domain_u,SH,126969,488153,0,0,0,15,1,1,1,0,0,1,5,0,3,0,0,0,203,292,0.67,0.36,0.82,0.36,0.58,0.33,0.41,21,117,0.71,0.45,0.31,0.18,0.84,0.74,0.52,0.64,spy.
570,icmp,private,REJ,261,2671,0,0,0,23,2,1,5,1,0,9,5,0,2,0,0,0,430,369,0.2,0.64,0.23,0.4,0.05,0.07,0.14,219,157,0.21,0.18,0.85,0.05,0.08,0.79,0.16,0.59,normal.
7986,tcp,shell,RSTR,740,1217,0,0,0,28,5,0,9,0,0,2,4,0,2,0,0,0,17,45,0.72,0.67,0.94,0.31,0.39,0.13,0.26,235,221,0.68,0.67,0.81,0.2,0.05,0.55,0.54,0.21,normal.
19271,udp,IRC,S2,720411,653999,0,0,0,1,3,0,4,0,0,6,3,0,3,0,0,0,194,312,0.31,0.56,0.43,0.68,0.0,0.97,0.63,107,209,0.51,0.88,0.74,0.91,0.02,0.33,0.58,0.33,multihop.
27995,tcp,rje,S2,831265,193317,0,1,0,12,4,0,3,0,0,5,3,0,1,0,0,0,250,126,0.63,0.3,0.83,0.41,0.54,0.72,0.71,242,28,0.73,0.27,0.18,0.78,0.68,0.25,0.25,0.88,phf.
27275,udp,ftp_data,SF,370606,104994,0,0,0,19,5,1,1,0,0,6,4,0,3,0,0,0,87,258,0.81,0.39,0.74,0.52,0.52,0.47,0.98,86,139,0.97,0.6,0.98,0.89,0.75,0.68,0.8,0.65,portsweep.
23607,tcp,pop_3,S1,651777,741633,0,0,0,13,0,0,10,0,0,4,0,0,1,0,0,0,357,336,0.24,0.1,0.25,0.03,0.4,0.74,0.27,215,34,0.8,0.65,0.79,0.2,0.97,0.6,0.79,0.63,imap.
36112,tcp,ftp,REJ,167712,975574,0,0,0,2,3,0,1,0,0,2,0,0,0,0,0,0,322,79,0.24,0.1,0.15,0.07,0.19,0.81,0.39,111,34,0.29,0.0,0.55,0.08,0.49,0.18,0.12,0.59,imap.
31713,tcp,smtp,S0,191818,652660,0,0,0,19,0,0,1,1,0,7,5,0,2,0,0,0,205,463,0.58,0.69,0.01,0.01,0.11,0.58,1.0,40,237,0.38,0.34,0.96,0.21,0.76,0.94,0.85,0.53,portsweep.
14333,icmp,other,S0,390823,957502,0,0,0,10,2,1,4,1,0,9,0,0,0,0,0,0,239,500,0.63,0.9,0.69,0.45,0.13,0.14,0.97,16,130,0.05,0.62,0.66,0.73,0.52,0.86,0.55,0.73,teardrop.
41097,icmp,rje,S0,187402,878051,0,0,0,5,0,1,10,0,0,0,2,0,1,0,0,0,92,136,0.7,0.55,0.14,0.74,0.35,0.71,0.38,184,75,0.66,0.04,0.16,0.22,0.1,0.47,0.35,0.29,land.
48831,tcp,private,S1,518109,712647,0,0,0,3,5,0,6,1,0,8,0,0,0,0,0,0,412,222,0.99,0.47,0.83,0.54,0.74,0.95,0.01,163,49,0.33,0.51,0.87,0.75,0.43,0.23,0.02,0.17,rootkit.
37576,udp,ftp,S2,719081,846116,0,0,0,6,5,0,4,0,0,5,1,0,0,0,0,0,312,268,0.28,0.07,0.66,0.03,0.32,0.32,0.53,163,83,0.55,0.41,0.49,0.06,0.78,0.5,0.44,0.61,imap.
48092,tcp,remote_job,RSTR,48,3682,0,1,0,8,5,1,0,0,0,8,1,0,2,0,0,0,168,368,0.9,0.08,0.9,0.44,0.45,0.59,0.44,70,95,0.56,0.12,0.69,0.91,0.13,0.36,0.09,0.16,normal.
16752,tcp,login,RSTR,891113,401973,0,3,0,0,0,0,5,0,0,2,2,0,0,0,0,0,206,162,0.06,0.67,0.64,0.83,0.86,0.47,0.08,45,235,0.05,0.39,0.54,0.94,0.86,0.57,0.91,0.56,smurf.
41337,icmp,ftp,REJ,937672,823581,0,0,0,26,0,1,10,0,0,4,5,0,2,0,0,0,279,351,0.08,0.25,0.98,0.52,0.58,0.91,0.1,140,171,0.7,0.5,0.7,0.46,0.42,0.07,0.86,0.13,smurf.
26155,icmp,http,S0,507447,40905,0,3,0,4,0,1,6,0,0,5,0,0,3,0,0,0,446,486,0.47,0.8,0.13,0.15,0.21,0.0,0.7,179,117,0.31,0.5,0.16,0.46,0.14,0.86,0.73,0.06,ftp_write.
41688,icmp,ssh,REJ,557963,280780,0,3,0,18,4,1,3,0,0,8,3,0,1,0,0,0,501,235,0.96,0.62,0.88,0.19,0.63,0.34,0.47,8,83,0.7,0.25,0.89,0.61,0.58,0.4,0.42,0.71,warezclient.
20207,udp,finger,S3,299890,279515,0,0,0,21,3,0,9,0,0,5,5,0,3,0,0,0,408,347,0.35,0.71,0.6,0.55,0.55,0.66,0.41,79,242,0.25,0.97,0.87,0.83,0.86,0.89,0.94,0.63,rootkit.
55843,tcp,login,S1,398,2013,0,0,0,24,0,0,4,0,0,1,2,0,3,0,0,0,354,101,0.26,0.69,0.34,0.97,0.42,0.4,0.8,214,93,0.89,0.19,0.46,0.28,0.27,0.36,0.72,0.74,normal.
20085,tcp,ecr_i,RSTO,979386,154453,0,0,0,2,0,1,5,0,0,9,2,0,2,0,0,0,508,291,0.33,0.64,0.17,0.81,0.63,0.53,0.3,153,193,0.24,0.11,0.37,0.16,0.11,0.98,0.41,0.75,phf.
40006,tcp,ecr_i,S1,302276,186681,0,3,0,19,4,1,2,0,0,7,5,0,1,0,0,0,166,110,0.65,0.62,0.53,0.5,0.76,0.57,0.12,122,1,0.06,0.32,0.12,0.37,0.94,0.08,0.53,0.86,phf.
57897,icmp,private,RSTR,51083,356100,0,1,0,26,4,0,4,0,0,3,0,0,0,0,0,0,371,258,0.09,0.25,0.98,0.9,0.24,0.48,0.64,196,86,0.31,0.74,0.99,0.64,0.92,0.63,0.01,0.42,buffer_overflow.
38688,udp,ftp_data,SF,395963,848300,0,3,0,20,3,0,7,0,0,9,0,0,1,0,0,0,410,440,0.8,0.52,0.49,0.96,0.63,0.39,0.01,39,136,0.44,0.35,0.01,0.11,0.16,0.0,0.73,0.19,spy.
2890,tcp,ecr_i,SF,196342,954586,0,1,0,5,4,1,8,0,0,10,1,0,0,0,0,0,474,89,0.06,0.39,0.08,0.75,0.62,0.3,0.37,236,202,0.76,0.62,0.81,0.75,0.45,0.88,0.16,0.93,portsweep.
4420,udp,ftp,RSTO,878861,282786,0,0,0,8,3,0,10,1,0,3,3,0,1,0,0,0,127,362,0.84,0.92,0.07,0.98,0.58,0.17,0.7,164,139,0.46,0.32,0.47,0.44,0.9,0.9,0.7,0.61,phf.
38865,tcp,http,SH,329663,523147,0,1,0,18,3,0,6,1,0,6,0,0,3,0,0,0,160,369,0.63,0.04,0.59,0.61,0.73,0.54,0.32,143,117,0.57,0.98,0.34,0.81,0.74,0.87,0.53,0.77,neptune.
26857,icmp,ssh,S1,446205,751501,0,0,0,27,4,1,3,0,0,4,5,0,3,0,0,0,465,470,0.39,0.91,0.33,0.08,0.17,0.06,0.5,66,199,0.17,0.14,0.31,0.66,0.91,0.53,0.88,0.13,phf.
22625,icmp,finger,SF,526080,365994,0,3,0,20,1,1,6,0,0,3,2,0,1,0,0,0,411,142,0.64,0.47,0.45,0.73,0.59,0.04,0.45,213,185,0.77,0.32,0.9,0.49,0.86,0.56,0.75,0.73,teardrop.
49146,tcp,hostnames,S0,178743,178816,0,0,0,30,5,1,6,1,0,9,5,0,0,0,0,0,43,338,0.49,0.32,0.17,0.16,0.48,0.75,0.91,140,219,0.33,0.16,0.79,0.4,0.25,0.87,0.95,0.56,spy.
9319,tcp,eco_i,S3,695,2205,0,0,0,14,0,0,8,0,0,1,2,0,0,0,0,0,482,66,0.28,0.41,0.74,0.47,0.32,0.84,0.54,35,103,0.68,0.61,0.48,0.71,0.33,0.62,0.42,0.31,normal.
28467,icmp,private,SF,284289,62443,0,3,0,11,1,0,6,0,0,3,2,0,3,0,0,0,40,36,0.53,0.5,0.5,0.45,0.52,0.65,0.9,96,111,0.69,0.04,0.1,0.95,0.07,0.09,0.88,0.38,spy.
13260,icmp,eco_i,SF,529115,854801,0,0,0,9,2,0,8,0,0,3,3,0,3,0,0,0,28,341,0.18,0.02,0.6,0.2,0.22,0.91,0.54,81,34,0.03,0.24,0.42,0.72,0.72,0.41,0.94,0.78,pod.
15739,udp,hostnames,S2,395811,326266,0,0,0,11,2,1,9,0,0,3,2,0,0,0,0,0,315,170,0.81,0.7,0.2,0.77,0.72,0.11,0.05,195,104,0.57,0.37,0.24,0.05,0.62,0.75,0.19,0.25,satan.
57591,tcp,domain_u,SH,711684,781406,0,0,0,9,5,1,5,0,0,7,0,0,1,0,0,0,193,129,0.02,0.14,0.8,0.01,0.44,0.72,0.32,63,152,0.31,0.51,0.44,0.11,0.94,0.98,0.96,0.56,phf.
48153,udp,telnet,S2,731133,921436,0,3,0,14,1,0,2,0,0,0,3,0,2,0,0,0,423,245,0.92,0.34,0.67,0.16,0.74,0.77,0.36,105,232,0.46,0.11,0.37,0.18,0.26,0.99,0.56,0.89,pod.
43902,icmp,rje,RSTO,870476,632658,0,0,0,30,0,1,10,0,0,9,4,0,0,0,0,0,384,362,0.7,0.28,0.84,0.39,1.0,1.0,0.43,164,73,0.24,0.58,0.03,0.07,0.37,0.3,0.16,0.88,ftp_write.
34492,udp,other,S3,383231,346275,0,0,0,15,0,0,8,1,0,7,4,0,2,0,0,0,392,24,0.12,0.68,0.38,0.94,0.75,0.62,0.75,216,250,0.14,0.64,0.34,0.04,0.13,0.5,0.03,0.8,spy.
43649,tcp,netbios_ns,S2,944042,745627,0,0,0,26,5,1,3,0,0,6,0,0,1,0,0,0,55,212,0.1,0.66,0.01,0.49,0.62,0.8,0.75,197,137,0.35,0.32,0.18,0.35,0.65,0.72,0.71,0.67,land.
56964,tcp,remote_job,S1,513682,720650,0,3,0,10,0,1,10,0,0,6,3,0,0,0,0,0,178,184,0.74,0.11,0.33,0.84,0.68,0.08,0.42,154,22,0.57,0.42,0.75,0.39,0.41,0.01,0.57,0.37,smurf.
45587,udp,ftp_data,S0,448,1696,0,3,0,10,3,0,2,0,0,4,2,0,0,0,0,0,262,77,0.37,0.61,0.07,0.13,0.95,0.64,0.43,230,159,0.56,0.76,0.88,0.58,0.55,0.53,0.57,0.83,normal.
39748,udp,domain_u,S0,599422,445495,0,0,0,1,2,0,7,0,0,4,5,0,1,0,0,0,200,293,0.88,0.99,0.18,0.35,0.56,0.08,0.25,120,2,0.94,0.13,0.28,0.59,0.72,0.01,0.49,0.2,phf.
49358,icmp,ftp,OTH,1028,3483,0,0,0,14,5,0,8,0,0,10,2,0,1,0,0,0,416,199,0.0,0.79,0.17,0.01,0.19,0.42,0.21,180,251,0.45,0.39,0.73,0.17,0.61,0.31,0.06,0.8,normal.
54925,icmp,smtp,RSTR,326,3840,0,0,0,0,1,0,4,0,0,7,2,0,3,0,0,0,106,384,0.79,0.13,0.72,0.79,0.84,0.08,0.56,77,6,0.97,0.83,0.54,0.69,0.43,0.82,0.7,0.58,normal.
43659,udp,telnet,S0,589490,351106,0,0,0,29,5,0,1,0,0,10,1,0,0,0,0,0,239,249,0.8,0.03,0.94,0.64,0.42,0.39,0.39,155,245,0.18,0.07,0.25,0.41,0.85,0.58,0.28,0.01,rootkit.
44818,udp,shell,SF,751960,181437,0,3,0,8,0,0,7,0,0,3,2,0,1,0,0,0,342,381,0.11,0.2,0.71,0.74,0.13,0.69,0.95,168,212,0.45,0.1,0.63,0.05,0.81,0.78,0.25,0.37,smurf.
29804,icmp,smtp,S2,828046,70316,0,0,0,22,3,1,2,0,0,9,2,0,0,0,0,0,257,183,0.16,0.72,0.96,0.24,0.5,0.17,0.0,37,167,0.12,0.59,0.44,0.41,0.57,0.25,0.73,0.41,rootkit.
28866,udp,imap4,REJ,532827,946052,0,0,0,30,1,1,1,0,0,10,2,0,0,0,0,0,456,439,0.96,0.56,0.56,0.26,0.78,0.19,0.85,131,163,0.46,0.83,0.99,0.86,0.08,0.88,0.92,0.54,warezclient.
22495,icmp,hostnames,SF,814684,772591,0,0,0,22,4,0,5,0,0,6,5,0,3,0,0,0,264,97,0.14,0.21,0.7,0.97,0.78,0.36,0.94,96,196,0.81,0.92,0.58,0.28,0.15,0.46,0.42,0.11,portsweep.
43997,tcp,login,SF,739742,556849,0,1,0,17,0,1,2,0,0,10,1,0,0,0,0,0,463,440,0.9,0.93,0.71,0.55,0.55,0.94,0.16,218,202,0.85,0.43,0.22,0.16,0.02,0.65,0.22,0.77,back.
14666,udp,imap4,S1,506475,1007,0,1,0,20,0,0,5,1,0,10,2,0,3,0,0,0,413,147,0.84,0.85,0.59,0.49,0.03,0.26,0.82,103,124,0.08,0.25,0.6,0.59,0.74,0.34,0.99,0.89,rootkit.
34909,udp,eco_i,SF,791730,370972,0,3,0,30,4,1,8,0,0,0,1,0,2,0,0,0,109,503,0.09,0.97,0.8,0.42,0.88,0.13,0.27,253,24,0.69,0.56,0.52,0.31,0.85,0.78,0.39,0.83,phf.
51607,udp,http,SF,26817,73756,0,3,0,21,0,0,7,0,0,8,4,0,2,0,0,0,132,201,0.44,0.76,0.23,0.31,0.5,0.24,0.4,118,16,0.55,0.28,0.21,0.57,0.32,0.58,0.5,0.52,imap.
7157,tcp,http,SH,601,1030,0,3,0,20,2,0,5,0,0,1,0,0,0,0,0,0,101,387,0.35,0.3,0.75,0.58,0.17,0.58,0.06,92,160,0.56,0.62,0.74,0.59,0.73,0.23,0.77,0.25,normal.
46511,udp,login,S2,408094,893999,0,1,0,1,5,1,2,0,0,1,1,0,2,0,0,0,9,332,0.21,0.61,0.97,0.55,0.53,0.29,0.67,99,10,0.53,0.51,0.41,0.16,0.76,0.66,0.63,0.87,guess_passwd.
46245,tcp,private,S1,788645,400429,0,0,0,16,1,0,7,0,0,5,2,0,0,0,0,0,283,167,0.12,0.22,0.87,0.08,0.47,0.41,0.34,229,207,0.84,0.49,0.59,0.99,0.78,0.81,0.56,0.61,satan.
57315,tcp,smtp,REJ,909,2618,0,1,0,8,0,1,8,0,0,3,5,0,0,0,0,0,108,214,0.01,0.44,0.53,0.11,0.87,0.17,0.76,241,89,0.38,0.34,0.88,0.06,0.92,0.28,0.84,0.48,normal.
45745,udp,ftp_data,RSTO,331722,239997,0,1,0,11,1,1,7,0,0,4,5,0,1,0,0,0,504,439,0.32,0.72,0.65,0.95,0.57,0.05,0.11,187,53,0.76,0.1,0.11,0.74,0.48,0.25,0.23,0.86,teardrop.
20956,udp,login,RSTO,861,4050,0,0,0,20,2,0,10,1,0,8,0,0,1,0,0,0,259,377,0.21,0.07,0.58,0.26,0.32,0.06,0.76,163,219,0.05,0.92,0.3,0.75,0.34,0.2,0.24,0.21,normal.
37885,tcp,eco_i,RSTO,653963,928762,0,0,0,4,2,1,7,0,0,5,0,0,2,0,0,0,443,451,0.87,0.72,0.85,0.94,0.64,0.4,0.54,3,103,0.8,0.96,1.0,0.74,0.91,0.46,0.38,0.67,guess_passwd.
44021,udp,private,S3,953443,662634,0,1,0,18,3,1,7,1,0,2,1,0,3,0,0,0,13,108,0.68,0.34,0.99,0.47,0.76,0.75,0.7,211,49,0.57,0.87,0.92,0.8,0.16,0.72,0.95,0.09,spy.
11514,icmp,eco_i,REJ,535223,790278,0,0,0,27,3,0,5,0,0,10,4,0,2,0,0,0,445,375,0.09,0.5,0.27,0.37,0.06,0.54,0.16,122,43,0.26,0.0,0.89,0.35,0.22,0.2,0.91,0.51,warezmaster.
31119,tcp,hostnames,RSTO,913392,642119,0,0,0,9,3,1,5,1,0,1,3,0,3,0,0,0,335,72,0.09,0.15,0.74,0.37,0.52,0.17,0.54,160,197,0.29,0.63,0.3,0.39,0.69,0.52,0.87,0.54,portsweep.
1329,icmp,private,SH,570818,460704,0,0,0,16,4,1,6,1,0,10,1,0,3,0,0,0,108,40,0.4,0.24,0.85,0.29,0.04,0.47,0.74,77,7,0.24,0.21,0.89,0.31,0.05,0.83,0.28,0.89,smurf.
18434,icmp,ftp,S0,454145,846215,0,0,0,8,5,0,10,0,0,3,0,0,0,0,0,0,366,487,0.69,0.39,0.23,0.38,0.18,0.75,0.14,140,185,0.84,0.31,0.29,0.0,0.64,0.45,0.91,0.85,buffer_overflow.
9978,tcp,rje,SH,79642,800910,0,0,0,20,0,1,8,1,0,1,0,0,3,0,0,0,375,504,0.77,0.75,0.74,0.79,0.18,0.39,0.01,214,9,0.64,0.44,0.61,0.34,0.51,0.63,0.11,0.82,ipsweep.
53781,tcp,finger,RSTO,76117,25066,0,1,0,12,5,1,8,0,0,5,3,0,1,0,0,0,435,424,0.15,0.08,0.35,0.87,0.91,0.27,0.9,99,177,0.27,0.25,0.84,0.46,0.8,0.64,0.02,0.46,ipsweep.
40405,icmp,imap4,SF,177136,255729,0,0,0,11,5,0,6,1,0,7,0,0,2,0,0,0,277,174,0.23,0.22,0.2,0.12,0.76,0.25,0.57,162,182,0.26,0.81,0.17,0.92,0.87,0.7,0.29,0.76,neptune.
10263,tcp,private,S3,704091,944207,0,3,0,2,2,0,0,0,0,2,0,0,3,0,0,0,447,201,0.55,0.12,0.82,0.42,0.43,0.33,0.05,167,29,0.48,0.23,0.71,0.28,0.92,0.06,0.89,0.3,neptune.
16191,icmp,private,SH,93,1379,0,1,0,8,4,1,2,0,0,8,1,0,2,0,0,0,152,25,0.76,0.93,0.97,0.68,0.23,0.64,0.35,107,136,0.15,0.73,0.76,0.74,0.02,0.22,0.03,0.41,normal.
53813,tcp,finger,S3,431452,687195,0,0,0,26,1,0,8,0,0,0,2,0,0,0,0,0,387,425,0.27,0.67,0.85,0.66,0.33,0.03,0.31,64,108,0.47,0.17,0.06,0.05,0.25,0.26,0.57,0.23,teardrop.
45338,tcp,other,S0,992,2059,0,0,0,0,1,1,5,1,0,8,5,0,2,0,0,0,469,486,0.53,0.33,0.93,0.75,0.48,0.78,0.6,207,193,0.95,0.44,0.22,0.38,0.06,0.29,0.88,0.47,normal.
9698,tcp,remote_job,S0,3,1580,0,1,0,16,4,0,8,0,0,5,1,0,2,0,0,0,3,157,0.22,0.25,0.37,0.4,0.14,0.61,0.71,247,225,0.37,0.69,0.43,0.56,0.95,0.94,0.22,0.74,normal.
12864,udp,other,S3,72873,482274,0,0,0,4,2,0,3,0,0,3,3,0,3,0,0,0,454,138,0.16,0.83,0.95,0.23,0.61,0.01,0.96,183,123,0.6,0.14,0.7,0.85,0.04,0.65,0.98,0.19,portsweep.
52808,icmp,netbios_ns,RSTR,304380,739053,0,0,0,2,0,1,9,1,0,4,3,0,2,0,0,0,140,373,0.49,0.67,0.65,0.86,0.04,0.76,0.95,20,213,0.46,0.07,0.31,0.82,0.39,0.86,0.57,0.95,imap.
39950,udp,ftp_data,SF,695545,210313,0,0,0,0,2,1,3,1,0,8,5,0,0,0,0,0,473,27,0.52,0.75,0.29,0.11,0.67,0.97,0.31,142,109,0.03,0.86,0.91,0.81,0.9,0.5,0.79,0.46,pod.
52551,tcp,login,OTH,616765,105767,0,1,0,10,4,1,2,0,0,6,1,0,2,0,0,0,391,36,0.12,0.26,0.86,0.44,0.56,0.71,0.45,56,74,0.39,0.81,0.69,0.55,0.07,0.97,0.84,0.59,satan.
10895,udp,remote_job,OTH,751,1348,0,0,0,18,5,0,9,1,0,0,5,0,2,0,0,0,52,369,0.7,0.68,0.56,0.33,0.37,0.47,0.23,142,109,0.46,0.42,0.12,0.32,0.57,0.97,0.02,0.82,normal.
49242,icmp,ecr_i,RSTO,574028,744474,0,0,0,8,5,1,0,0,0,0,5,0,2,0,0,0,19,402,0.44,0.41,0.15,0.77,0.99,0.05,0.42,20,227,0.77,0.61,0.16,0.41,0.74,0.18,0.56,0.66,portsweep.
49096,udp,telnet,S2,968811,216145,0,0,0,8,4,1,9,0,0,5,0,0,3,0,0,0,354,100,0.81,0.41,0.82,0.32,0.28,0.73,0.37,236,124,0.95,0.48,0.07,0.06,0.7,0.19,0.59,0.7,back.
42438,icmp,rje,SF,834765,451059,0,1,0,14,0,1,3,1,0,0,5,0,0,0,0,0,244,149,0.93,0.7,0.26,0.96,0.16,0.38,0.79,23,150,0.12,0.9,0.41,0.4,0.49,0.35,0.48,1.0,warezclient.
7241,tcp,netbios_ns,OTH,740949,770684,0,1,0,3,3,1,3,0,0,0,3,0,2,0,0,0,92,357,0.46,0.57,0.61,0.02,0.29,0.51,0.63,249,208,0.46,0.14,0.86,0.85,0.44,0.14,0.35,0.25,satan.
25969,icmp,eco_i,OTH,136,2609,0,3,0,9,3,1,7,0,0,5,3,0,0,0,0,0,423,145,0.38,0.47,0.89,0.16,0.65,0.68,0.44,10,200,0.69,0.11,0.71,0.7,0.03,0.81,0.39,0.06,normal.
1934,icmp,shell,S2,237434,98143,0,0,0,4,5,0,6,1,0,7,3,0,3,0,0,0,497,166,0.29,0.0,0.23,0.63,0.28,0.63,0.65,210,142,0.22,0.22,0.17,0.97,0.75,0.91,0.47,0.67,teardrop.
36308,tcp,eco_i,S3,33577,999892,0,0,0,14,1,0,1,0,0,6,3,0,3,0,0,0,152,183,0.33,0.37,0.41,0.32,0.03,0.01,0.74,187,254,0.01,0.96,0.16,0.95,0.04,0.4,0.49,0.8,warezclient.
6069,tcp,domain_u,SH,973483,706352,0,3,0,18,5,1,10,0,0,5,4,0,3,0,0,0,306,78,0.87,0.25,0.43,0.03,0.65,0.33,0.35,187,44,0.48,0.76,0.59,0.76,0.69,0.36,0.87,0.2,land.
16414,icmp,hostnames,RSTR,70167,875677,0,0,0,14,1,1,4,0,0,8,5,0,0,0,0,0,343,34,0.62,0.49,0.69,0.11,0.94,0.42,0.09,141,192,0.08,0.15,0.7,0.92,0.77,0.25,0.81,0.13,rootkit.
51830,udp,netbios_ns,SF,777479,709369,0,3,0,3,0,0,4,0,0,2,4,0,3,0,0,0,38,316,0.56,0.27,0.77,0.56,0.88,0.66,0.25,154,61,0.81,0.89,0.52,0.49,0.93,0.25,0.73,0.52,multihop.
21209,icmp,remote_job,OTH,24,2700,0,3,0,1,4,0,4,0,0,3,1,0,2,0,0,0,365,430,0.03,0.99,0.55,0.74,0.69,0.89,0.34,113,174,0.96,0.52,0.82,0.43,0.8,0.59,0.63,0.96,normal.
4488,tcp,login,S1,596006,318201,0,1,0,0,1,0,2,0,0,6,3,0,3,0,0,0,398,133,0.14,0.11,0.71,0.72,0.35,0.52,0.19,81,26,0.46,0.81,0.62,0.82,0.78,0.26,0.9,0.72,pod.
4905,tcp,IRC,SF,903851,606837,0,0,0,0,1,0,1,0,0,6,2,0,3,0,0,0,496,352,0.35,0.72,0.87,0.76,0.39,0.49,0.86,49,108,0.02,0.98,0.62,0.85,0.3,0.93,0.57,0.75,imap.
42548,tcp,IRC,RSTO,368794,41381,0,3,0,12,1,1,3,0,0,2,1,0,0,0,0,0,242,511,0.15,0.27,0.73,0.98,0.92,0.39,0.09,95,211,0.1,0.22,0.87,0.36,0.84,0.78,0.49,0.32,land.
7770,icmp,http,SH,896784,528481,0,0,0,18,1,1,0,0,0,5,2,0,2,0,0,0,431,73,0.68,0.47,0.53,0.56,0.93,0.12,0.17,221,196,0.37,0.61,0.18,0.66,0.6,0.81,0.95,0.44,ipsweep.
9100,tcp,login,S3,247418,86934,0,0,0,15,2,0,4,0,0,8,1,0,2,0,0,0,495,174,0.63,0.47,0.56,0.75,0.95,0.16,0.96,68,9,0.09,0.45,0.08,0.97,0.42,0.56,0.36,0.91,neptune.
49079,udp,rje,RSTO,547,3725,0,0,0,24,2,0,4,0,0,10,2,0,1,0,0,0,319,38,0.03,0.22,0.95,0.74,0.12,0.53,0.84,218,239,0.86,0.64,0.89,0.42,0.49,0.74,0.47,0.65,normal.
49227,tcp,ftp_data,S0,125,2418,0,0,0,17,1,1,3,1,0,8,1,0,3,0,0,0,10,406,0.08,0.55,0.47,0.48,0.62,0.35,0.22,144,72,0.13,0.21,0.23,0.62,0.13,0.13,0.89,0.49,normal.
50460,tcp,netbios_ns,S2,264507,379701,0,1,0,21,2,0,2,0,0,10,4,0,2,0,0,0,96,48,0.1,0.93,0.53,0.43,0.03,0.71,0.19,117,202,0.71,0.53,0.54,0.51,0.3,0.81,0.02,0.75,satan.
18701,udp,hostnames,OTH,809351,587670,0,0,0,11,5,1,7,1,0,0,3,0,1,0,0,0,350,302,0.18,0.34,0.13,0.64,0.15,0.97,0.32,208,41,0.85,0.71,0.7,0.47,0.95,0.41,0.99,0.64,multihop.
43549,tcp,pop_3,OTH,541883,825644,0,1,0,6,5,1,1,0,0,9,2,0,2,0,0,0,400,327,0.33,0.79,0.14,0.97,0.11,0.56,0.75,88,117,0.95,0.33,0.63,0.09,0.28,0.21,0.49,0.42,rootkit.
44216,tcp,pop_3,OTH,397486,926250,0,0,0,9,4,1,10,1,0,9,0,0,3,0,0,0,284,322,0.63,0.81,0.79,0.02,0.55,0.64,0.02,15,49,0.74,0.18,0.82,0.67,0.6,0.4,0.32,0.32,ipsweep.
38415,udp,ftp_data,RSTO,909158,610995,0,0,0,18,5,1,7,0,0,10,5,0,0,0,0,0,340,262,0.01,0.71,0.63,0.35,0.69,0.9,0.27,89,247,0.86,0.9,0.29,0.98,0.69,0.96,0.42,0.7,back.
40577,udp,pop_3,RSTR,91,2828,0,0,0,14,0,1,2,0,0,1,1,0,1,0,0,0,443,466,0.26,0.76,0.24,0.23,0.43,0.37,0.45,247,254,0.44,0.25,0.72,0.82,0.39,0.83,0.33,0.85,normal.
3151,tcp,ftp,SF,314107,743292,0,3,0,14,4,0,4,0,0,7,3,0,0,0,0,0,323,459,0.69,0.18,0.51,0.96,0.41,0.94,0.99,18,246,0.84,1.0,0.39,0.71,0.41,0.76,0.83,0.27,back.
52012,icmp,ftp,S2,245,1394,0,0,0,24,1,1,6,1,0,8,5,0,1,0,0,0,401,507,0.74,0.22,0.35,0.2,0.93,0.85,0.57,73,185,0.33,0.45,0.74,0.38,0.21,0.73,0.47,0.56,normal.
48897,tcp,other,REJ,458,4877,0,0,0,25,3,1,4,1,0,10,0,0,1,0,0,0,349,194,0.09,0.61,0.64,0.61,0.66,0.67,0.24,202,90,0.86,0.92,0.33,0.7,0.26,0.58,0.76,0.58,normal.
41258,icmp,hostnames,S1,821,1783,0,0,0,1,5,1,3,1,0,2,5,0,0,0,0,0,406,508,0.05,0.68,0.39,0.06,0.51,0.87,0.97,28,153,0.84,0.5,0.09,0.74,0.36,0.86,0.75,0.87,normal.
47806,udp,ssh,RSTR,633709,435804,0,0,0,29,1,1,10,0,0,9,2,0,3,0,0,0,226,236,0.47,0.06,0.36,0.52,0.58,0.77,0.47,93,196,0.61,0.6,0.1,0.29,0.55,0.97,0.94,0.01,warezmaster.
8342,icmp,eco_i,RSTR,813621,729194,0,0,0,6,1,1,8,0,0,7,2,0,3,0,0,0,11,81,0.06,0.43,0.55,0.54,0.08,0.5,0.08,69,34,0.53,0.17,0.63,0.37,0.72,0.35,0.41,0.08,multihop.
43675,udp,hostnames,S3,629181,164113,0,0,0,7,5,1,5,0,0,8,2,0,3,0,0,0,343,14,0.87,0.9,0.19,0.78,0.15,0.15,0.78,90,114,0.8,0.36,0.14,0.85,0.53,0.5,0.37,0.89,portsweep.
52614,icmp,ssh,S1,314909,507955,0,0,0,13,4,1,7,0,0,6,2,0,2,0,0,0,165,18,0.45,0.15,0.52,0.1,0.01,0.96,1.0,180,25,0.53,0.05,0.54,0.32,0.74,0.82,0.94,0.75,warezclient.
44410,udp,remote_job,S0,682109,12559,0,0,0,16,0,0,0,1,0,7,4,0,3,0,0,0,412,495,0.26,0.5,0.08,0.21,0.53,0.77,0.55,218,192,0.19,0.38,0.63,0.39,0.33,0.94,0.23,0.82,spy.
18120,icmp,rje,S1,239988,208281,0,1,0,18,1,0,6,0,0,8,0,0,0,0,0,0,177,1,0.18,0.48,0.21,0.89,0.5,0.29,0.31,165,84,0.12,0.29,0.32,0.63,0.25,0.13,0.42,0.62,satan.
36940,udp,private,OTH,79728,282781,0,0,0,30,4,1,7,0,0,6,3,0,0,0,0,0,293,273,0.75,0.94,0.58,0.61,0.09,0.75,0.48,118,199,0.44,0.2,0.44,0.53,0.35,0.45,0.3,0.75,phf.
44562,udp,ssh,SH,474672,122126,0,0,0,3,5,1,4,0,0,9,3,0,0,0,0,0,471,223,0.24,0.56,0.18,0.48,0.48,0.48,0.24,80,40,0.14,0.51,0.52,0.44,0.38,0.81,0.79,0.92,multihop.
35932,icmp,pop_3,S2,680,3058,0,1,0,18,5,0,2,0,0,9,0,0,0,0,0,0,471,31,0.32,0.01,0.29,0.74,0.44,0.38,0.55,145,16,0.32,0.57,0.57,0.28,0.93,0.29,0.13,0.66,normal.
6759,tcp,domain_u,OTH,245673,258959,0,0,0,24,3,1,3,0,0,5,1,0,2,0,0,0,314,484,0.47,0.93,0.82,0.67,0.02,0.4,0.81,95,61,0.59,0.92,0.53,0.56,0.76,0.33,0.47,0.65,buffer_overflow.
9587,icmp,other,RSTR,487660,893323,0,1,0,7,0,1,7,0,0,9,5,0,1,0,0,0,445,224,0.85,0.41,0.57,0.66,1.0,0.5,0.33,171,5,0.79,0.75,0.69,0.29,1.0,0.66,0.44,0.14,guess_passwd.
10294,icmp,http,S0,18054,974210,0,1,0,19,1,0,2,1,0,5,1,0,3,0,0,0,265,82,0.35,0.39,0.02,0.62,0.67,0.74,0.43,61,34,0.46,0.32,0.58,0.84,0.96,0.95,0.44,0.28,ipsweep.
20691,icmp,ftp,OTH,824730,887438,0,3,0,14,5,0,8,0,0,0,3,0,2,0,0,0,365,162,0.76,0.69,0.81,0.36,0.74,0.34,0.63,72,223,0.52,0.87,0.95,0.03,0.45,0.7,0.02,0.08,phf.
55840,tcp,login,OTH,435586,470217,0,0,0,2,1,0,5,1,0,8,1,0,3,0,0,0,401,15,0.83,0.18,0.87,0.52,0.33,0.45,0.88,79,57,0.29,0.96,0.57,0.31,0.22,0.1,0.24,0.87,smurf.
45120,tcp,rje,SF,869140,554887,0,0,0,16,1,0,6,0,0,10,4,0,1,0,0,0,501,441,0.43,0.93,0.52,0.12,0.44,0.2,0.39,172,211,0.05,0.4,0.48,1.0,0.35,0.36,0.78,0.74,portsweep.
19045,tcp,http,SH,989270,781241,0,1,0,15,5,0,5,0,0,4,0,0,1,0,0,0,169,353,0.83,0.75,0.65,0.74,0.55,0.03,0.54,163,166,0.53,0.15,0.34,0.5,0.76,0.78,0.63,0.05,back.
10021,udp,ftp_data,SF,586,701,0,0,0,1,3,1,9,0,0,1,3,0,3,0,0,0,8,268,0.67,0.43,0.68,0.11,0.34,0.37,0.38,223,45,0.23,0.28,0.7,0.44,0.65,0.05,0.04,0.83,normal.
36175,udp,smtp,S3,615682,144471,0,0,0,20,3,0,6,0,0,10,3,0,2,0,0,0,311,405,0.31,0.24,0.44,0.35,0.7,0.9,0.82,20,115,0.79,0.39,0.56,0.4,0.49,0.87,0.3,0.33,back.
48745,tcp,other,SF,549430,764988,0,0,0,7,2,0,4,0,0,4,2,0,3,0,0,0,206,360,0.25,0.61,0.77,0.73,0.26,0.21,0.91,9,139,0.7,0.87,0.72,0.87,0.54,0.74,0.5,0.17,rootkit.
6847,udp,http,OTH,394767,114808,0,1,0,1,4,1,3,0,0,7,0,0,0,0,0,0,455,204,0.97,0.96,0.91,0.1,0.89,0.23,0.63,150,194,0.6,0.68,0.55,0.36,0.1,0.25,0.26,0.41,back.
24228,udp,eco_i,S0,317,2860,0,0,0,13,0,0,7,1,0,9,4,0,3,0,0,0,203,89,0.77,0.16,0.76,0.89,0.35,0.5,0.75,158,250,0.28,0.04,0.06,0.56,0.51,0.78,0.12,0.9,normal.
14448,tcp,hostnames,S2,98616,978150,0,1,0,1,2,0,6,0,0,4,2,0,3,0,0,0,45,460,0.42,0.04,0.26,0.77,0.37,0.43,0.28,176,73,0.6,0.79,0.74,0.29,0.99,0.26,0.66,0.84,phf.
54737,tcp,netbios_ns,S3,91,2083,0,3,0,16,3,1,2,0,0,9,1,0,1,0,0,0,228,127,0.59,0.93,0.74,0.31,0.17,0.48,0.42,248,144,0.66,0.12,0.44,0.84,0.89,0.0,0.17,0.69,normal.
23088,tcp,finger,REJ,341363,370379,0,0,0,12,0,0,2,1,0,2,0,0,1,0,0,0,274,131,0.94,0.86,0.36,0.07,0.01,0.67,0.27,67,185,0.77,0.87,0.34,0.37,0.9,0.5,0.06,0.9,smurf.
57462,icmp,private,SF,459907,163949,0,1,0,2,1,1,3,0,0,4,0,0,1,0,0,0,337,317,0.21,0.53,0.11,0.78,0.15,0.47,0.45,124,79,0.88,0.13,0.45,0.72,0.44,0.43,0.61,0.91,phf.
56355,tcp,rje,RSTO,799346,403495,0,3,0,14,5,1,4,0,0,9,2,0,2,0,0,0,311,313,0.19,0.07,0.42,0.35,0.88,0.16,0.87,206,209,0.5,0.71,0.6,0.88,0.91,0.33,0.4,0.42,rootkit.
42347,icmp,domain_u,REJ,33290,200686,0,0,0,12,0,0,1,1,0,7,4,0,0,0,0,0,175,125,0.3,0.92,0.55,0.53,0.19,0.1,0.32,49,8,0.11,0.4,0.54,0.01,0.25,0.14,0.06,0.12,satan.
14554,icmp,pop_3,OTH,675755,915778,0,0,0,30,1,0,1,0,0,4,5,0,1,0,0,0,289,248,0.54,0.09,0.48,0.26,0.09,0.32,0.8,11,193,0.77,0.01,0.42,0.18,0.72,0.35,0.29,0.04,imap.
26895,icmp,private,REJ,636,4050,0,3,0,20,4,0,2,0,0,1,5,0,1,0,0,0,445,491,0.89,0.96,0.1,0.79,0.24,0.04,0.42,33,30,0.53,0.03,0.32,0.48,0.61,0.58,0.92,0.02,normal.
46471,icmp,pop_3,S0,76,4623,0,3,0,15,5,1,2,1,0,8,3,0,3,0,0,0,478,192,0.05,0.53,0.42,0.09,0.39,0.93,0.67,83,58,0.29,0.44,0.23,0.99,0.05,0.69,0.45,0.92,normal.
37916,tcp,domain_u,OTH,10498,632052,0,0,0,0,0,1,10,1,0,2,3,0,0,0,0,0,247,4,0.63,0.98,0.94,0.49,0.51,0.33,0.65,87,32,0.23,0.46,0.53,0.89,0.94,0.15,0.78,0.21,smurf.
37676,udp,private,SH,524,304,0,0,0,9,4,0,8,0,0,7,2,0,2,0,0,0,121,329,0.09,0.54,0.79,0.36,0.27,0.55,0.06,88,138,0.75,0.22,0.41,0.6,0.52,0.48,0.35,0.98,normal.
23953,icmp,http,RSTO,871974,962712,0,0,0,17,1,1,5,0,0,0,5,0,3,0,0,0,383,238,0.97,0.62,0.05,0.19,0.44,0.14,0.63,39,116,0.77,0.99,0.71,0.0,0.19,0.24,0.81,0.37,phf.
38055,udp,ecr_i,SF,121143,51129,0,0,0,9,3,0,1,0,0,3,2,0,1,0,0,0,4,435,0.94,0.17,0.17,0.97,0.05,0.57,0.08,198,141,0.13,0.39,0.84,0.23,0.12,0.09,0.05,0.55,portsweep.
12471,tcp,http,S0,973,702,0,1,0,3,4,1,5,1,0,4,0,0,2,0,0,0,391,57,0.6,0.64,0.36,0.55,0.6,0.71,0.01,170,211,0.77,0.8,0.23,0.36,0.8,1.0,0.36,0.37,normal.
52414,udp,eco_i,SH,190965,276544,0,0,0,7,5,0,2,0,0,8,3,0,3,0,0,0,510,51,0.05,0.41,0.74,0.02,0.29,0.17,0.19,228,225,0.44,0.08,0.3,0.04,0.47,0.5,0.19,0.13,buffer_overflow.
56606,icmp,shell,OTH,888185,876539,0,1,0,22,5,1,2,1,0,1,2,0,3,0,0,0,484,468,0.52,0.7,0.84,0.52,0.81,0.12,0.82,127,50,0.48,0.11,0.87,0.11,0.07,0.16,0.26,0.16,buffer_overflow.
52819,icmp,finger,SH,929915,320186,0,1,0,14,1,0,10,0,0,7,0,0,3,0,0,0,459,431,0.88,0.26,0.57,0.92,0.68,0.4,0.32,162,27,0.54,0.48,0.81,0.19,0.01,0.12,0.98,0.09,warezmaster.
26431,tcp,netbios_ns,SF,405749,109330,0,0,0,20,0,0,1,0,0,7,1,0,1,0,0,0,439,47,0.66,0.52,0.83,0.09,0.16,0.94,0.96,240,194,0.36,0.84,0.26,0.03,0.57,0.67,0.85,0.93,buffer_overflow.
19055,tcp,IRC,SF,744077,937786,0,1,0,17,1,1,1,0,0,6,2,0,1,0,0,0,139,391,0.69,0.3,0.66,0.99,0.07,0.12,0.88,242,162,0.88,0.66,0.94,0.14,0.91,0.53,0.13,0.95,back.
42219,udp,finger,REJ,150,649,0,1,0,29,4,1,6,0,0,3,4,0,2,0,0,0,51,322,0.7,0.61,0.24,0.92,0.42,0.32,0.06,253,146,0.42,0.32,0.76,0.23,0.95,0.75,0.27,0.79,normal.
28190,tcp,hostnames,RSTO,211,787,0,0,0,15,5,0,3,0,0,10,3,0,1,0,0,0,324,54,0.76,0.01,0.5,0.6,0.68,0.64,0.54,164,231,0.75,0.05,0.56,0.77,0.23,0.01,0.11,0.67,normal.
56273,udp,ssh,RSTO,512180,321327,0,1,0,7,1,1,3,0,0,10,5,0,3,0,0,0,128,222,0.76,0.48,0.09,0.43,0.77,0.16,0.95,123,39,0.67,0.84,0.48,0.86,0.05,0.98,0.8,0.21,phf.
5413,icmp,ftp_data,S3,670,3259,0,3,0,18,5,1,4,0,0,9,2,0,1,0,0,0,290,11,0.33,0.79,0.94,0.03,0.35,0.92,0.15,34,136,0.45,0.15,0.4,0.05,0.95,0.74,0.61,0.64,normal.
18875,tcp,login,S0,94775,625818,0,0,0,27,2,0,10,1,0,2,5,0,3,0,0,0,263,331,0.89,0.61,0.51,0.53,0.74,0.66,0.39,103,45,0.76,0.15,0.67,0.12,0.94,0.33,0.14,0.55,neptune.
13740,tcp,ftp,REJ,345320,409127,0,1,0,15,1,1,0,0,0,8,2,0,3,0,0,0,64,218,0.17,0.46,0.12,0.96,0.09,0.28,0.17,253,96,0.14,0.32,0.49,0.7,0.86,0.18,0.78,0.68,neptune.
47345,tcp,http,OTH,264902,194128,0,0,0,14,4,0,7,0,0,1,2,0,3,0,0,0,34,317,0.71,0.29,0.34,0.98,0.66,1.0,0.14,168,115,0.95,0.9,0.81,0.0,0.77,0.36,0.69,0.74,land.
32223,udp,shell,OTH,234605,414587,0,0,0,21,1,1,3,1,0,9,2,0,3,0,0,0,77,114,0.52,0.63,0.42,0.68,0.9,0.13,0.15,122,164,0.1,0.66,0.64,0.24,0.21,0.11,0.48,0.19,guess_passwd.
2906,tcp,ecr_i,S1,604789,292468,0,3,0,26,2,0,2,0,0,2,5,0,1,0,0,0,93,117,0.86,0.91,0.56,0.79,0.52,0.32,0.7,242,30,0.94,0.76,0.72,0.3,0.58,0.83,0.25,0.01,multihop.
23151,icmp,netbios_ns,S3,215064,503028,0,3,0,5,0,0,1,1,0,8,1,0,1,0,0,0,193,333,0.05,0.01,1.0,0.6,0.45,0.37,0.62,38,229,0.84,0.3,0.71,0.54,0.79,0.8,0.54,0.2,rootkit.
18239,icmp,netbios_ns,RSTR,570141,129290,0,0,0,7,1,1,0,0,0,9,2,0,3,0,0,0,87,157,0.84,0.31,0.03,0.86,0.88,0.02,0.32,119,182,0.32,0.94,0.52,0.85,0.92,0.55,0.1,0.12,phf.
1797,icmp,remote_job,REJ,592079,683576,0,0,0,16,2,0,2,0,0,7,3,0,1,0,0,0,493,175,0.52,0.74,0.22,0.07,0.37,0.77,0.1,120,110,0.74,0.45,0.02,0.41,0.68,0.49,0.64,0.66,rootkit.
13969,tcp,ftp,S0,600908,827082,0,0,0,22,3,0,1,0,0,5,5,0,1,0,0,0,14,305,0.24,0.21,0.11,0.19,0.69,0.23,0.49,39,238,0.01,0.95,0.49,0.63,0.21,0.41,0.81,0.58,ipsweep.
954,udp,imap4,S3,265,369,0,1,0,4,0,1,2,0,0,7,5,0,2,0,0,0,66,153,0.43,0.27,0.48,0.15,0.88,0.92,0.06,217,168,0.83,0.58,0.61,0.34,0.89,0.38,0.92,0.44,normal.
7841,tcp,http,S2,166625,950560,0,0,0,19,2,1,8,0,0,3,2,0,2,0,0,0,6,472,0.98,0.1,0.6,0.8,0.97,0.41,0.86,134,142,0.32,0.33,0.7,1.0,0.74,0.72,0.78,0.82,phf.
17271,udp,private,SF,329875,272944,0,0,0,29,5,1,1,0,0,10,2,0,3,0,0,0,248,409,0.99,0.01,0.79,0.05,0.73,0.65,0.8,124,18,0.92,0.02,0.22,0.26,0.63,0.3,0.03,0.74,satan.
3418,udp,ssh,S2,20032,598643,0,0,0,26,2,1,6,0,0,4,4,0,2,0,0,0,3,500,0.05,0.04,0.29,0.02,0.71,0.25,0.36,236,197,0.53,0.21,0.73,0.54,0.44,0.17,0.41,0.28,guess_passwd.
38073,icmp,telnet,RSTO,415566,445643,0,0,0,10,3,1,0,0,0,3,4,0,0,0,0,0,357,241,0.6,0.74,0.09,0.51,0.17,0.89,0.79,196,180,0.18,0.66,0.06,0.68,0.37,0.33,0.02,0.24,guess_passwd.
1411,udp,ftp,S2,269193,74612,0,1,0,21,2,1,7,1,0,3,0,0,0,0,0,0,354,493,0.89,0.78,0.16,0.25,0.58,0.4,0.06,185,157,0.96,0.1,0.51,0.92,0.28,0.59,0.28,0.76,back.
33100,icmp,private,RSTO,716370,323287,0,0,0,30,5,0,2,0,0,1,1,0,3,0,0,0,324,66,0.27,0.75,0.68,0.77,0.93,0.6,0.71,234,166,0.98,0.09,0.86,0.92,0.3,0.53,0.92,0.99,phf.
58266,tcp,rje,RSTO,787,2783,0,3,0,8,3,0,9,0,0,10,5,0,2,0,0,0,287,380,0.84,0.5,0.56,0.64,0.48,0.24,0.4,244,214,0.8,0.85,0.47,0.21,0.53,0.32,0.27,0.15,normal.
36890,tcp,remote_job,S2,251,3468,0,0,0,27,4,1,4,1,0,6,3,0,3,0,0,0,218,356,0.95,0.75,0.69,0.08,0.12,0.19,0.36,194,129,0.13,0.58,0.65,0.21,0.45,0.86,0.5,0.93,normal.
34796,udp,login,S2,652,4711,0,0,0,0,5,1,10,1,0,3,5,0,3,0,0,0,249,24,0.66,0.86,0.79,0.48,0.48,0.82,0.11,17,181,0.8,0.85,0.47,0.93,0.13,0.37,0.95,0.02,normal.
23591,udp,finger,RSTO,577,293,0,3,0,22,4,1,7,0,0,2,2,0,3,0,0,0,509,323,0.22,0.26,0.91,0.93,0.55,0.36,0.73,242,199,0.94,0.94,0.67,0.21,0.83,0.69,0.97,0.0,normal.
1729,icmp,hostnames,RSTR,818253,10343,0,1,0,5,3,1,2,0,0,7,3,0,2,0,0,0,345,260,0.88,0.5,0.95,0.56,0.99,0.84,0.86,218,206,0.02,0.41,0.42,0.61,0.03,0.64,0.78,0.44,back.
17314,icmp,private,OTH,863834,843030,0,0,0,6,5,1,0,0,0,7,4,0,3,0,0,0,411,53,0.43,0.22,0.5,0.78,0.68,0.26,0.28,54,215,0.99,0.56,0.06,0.11,0.19,0.68,0.58,0.02,land.
30850,tcp,hostnames,OTH,184478,360991,0,0,0,3,3,0,5,1,0,9,3,0,0,0,0,0,246,320,0.51,0.21,0.48,0.05,0.52,0.2,0.75,157,9,0.14,0.95,0.48,0.23,0.83,0.43,0.86,0.18,multihop.
40862,udp,ftp_data,S3,3964,94672,0,1,0,21,4,1,9,0,0,1,5,0,1,0,0,0,294,434,0.3,0.9,0.04,0.07,0.11,0.16,0.46,48,134,0.43,0.36,0.35,0.98,0.65,0.03,0.19,0.23,teardrop.
3903,udp,shell,S1,453217,713006,0,1,0,20,4,1,2,0,0,9,2,0,1,0,0,0,286,346,0.21,0.48,0.88,0.68,0.89,0.29,0.16,153,197,0.24,0.72,0.24,0.63,0.63,0.32,0.74,0.01,spy.
11751,udp,other,REJ,716999,831405,0,0,0,14,4,0,1,1,0,2,2,0,0,0,0,0,486,431,0.33,0.2,0.42,0.62,0.15,0.86,0.65,156,125,0.69,0.14,0.95,0.72,0.76,0.49,0.89,0.73,spy.
34504,icmp,ecr_i,OTH,83108,840262,0,0,0,27,4,1,7,0,0,8,3,0,3,0,0,0,132,255,0.79,0.38,0.62,0.05,0.02,0.38,0.87,84,193,0.87,0.96,0.38,0.18,0.75,0.1,0.32,0.22,multihop.
33671,tcp,telnet,SF,299537,21168,0,0,0,2,5,0,7,0,0,9,0,0,1,0,0,0,305,398,0.8,0.25,0.69,0.46,0.99,0.18,0.36,51,149,0.62,0.22,0.36,0.03,0.58,0.37,0.9,0.66,multihop.
57819,tcp,hostnames,S3,618,3025,0,1,0,14,1,0,3,1,0,0,5,0,0,0,0,0,371,358,0.72,0.99,0.69,0.28,0.19,0.91,0.45,212,14,0.8,1.0,0.01,0.94,0.71,0.7,1.0,0.98,normal.
29697,tcp,eco_i,OTH,504442,850693,0,0,0,2,0,0,10,0,0,9,1,0,3,0,0,0,81,40,0.83,0.98,0.62,0.16,0.87,0.95,0.68,133,7,0.98,0.42,0.21,0.38,0.27,0.69,0.43,0.4,smurf.
42619,udp,ftp,RSTO,261673,357974,0,3,0,23,0,1,7,0,0,1,4,0,0,0,0,0,509,403,0.03,0.3,0.05,0.89,0.75,0.92,0.71,167,208,0.06,0.96,0.48,0.6,0.19,0.89,0.86,0.8,neptune.
31767,icmp,login,S1,52098,888507,0,0,0,8,4,1,6,0,0,5,3,0,2,0,0,0,5,429,0.27,0.18,0.4,0.26,0.06,0.59,0.26,212,56,0.78,0.76,0.34,0.26,0.11,0.52,0.5,0.5,buffer_overflow.
19667,icmp,remote_job,S0,783,454,0,0,0,30,4,0,1,1,0,10,2,0,2,0,0,0,467,251,0.04,0.17,0.49,0.55,0.85,0.33,0.05,138,148,0.09,0.3,0.98,0.75,0.62,0.92,0.77,0.75,normal.
51837,icmp,http,S3,564991,63528,0,0,0,27,0,0,5,0,0,3,3,0,3,0,0,0,502,395,0.88,0.41,0.25,0.62,0.99,0.04,0.14,32,210,0.73,0.67,0.12,0.15,0.91,0.01,0.98,0.66,buffer_overflow.
28779,icmp,http,SF,878,4381,0,0,0,28,2,0,6,0,0,9,3,0,1,0,0,0,344,478,0.23,0.75,0.79,0.39,0.74,0.68,0.31,62,235,0.78,0.32,0.03,0.49,0.01,0.69,0.87,0.35,normal.
46554,icmp,remote_job,SF,11,3676,0,1,0,17,2,0,8,0,0,5,2,0,3,0,0,0,224,53,0.53,0.43,0.48,0.8,0.43,0.49,0.69,81,90,0.55,0.23,0.59,0.12,0.21,0.95,0.59,0.15,normal.
10383,udp,private,SH,652381,508849,0,3,0,7,1,1,7,0,0,0,4,0,0,0,0,0,88,352,0.77,0.35,0.58,0.27,0.29,0.47,0.88,200,14,0.09,0.67,0.17,0.76,0.8,0.06,0.22,0.1,warezclient.
56341,icmp,remote_job,SF,304,2930,0,1,0,26,5,0,1,1,0,10,1,0,0,0,0,0,377,335,0.4,0.24,0.06,0.9,0.93,0.62,0.88,54,162,0.12,0.44,0.38,0.08,0.71,0.15,0.57,0.88,normal.
35500,udp,domain_u,S1,897456,56990,0,0,0,24,2,0,6,1,0,3,1,0,0,0,0,0,317,76,0.18,0.87,0.36,0.81,0.99,0.91,0.39,137,9,0.61,0.56,0.93,0.82,0.82,0.91,0.86,0.5,warezclient.
53557,icmp,domain_u,RSTO,240,458,0,0,0,20,0,1,6,0,0,8,2,0,2,0,0,0,509,492,0.97,0.24,0.71,0.81,0.56,0.95,0.76,141,220,0.06,0.7,0.31,0.65,0.41,0.71,0.61,0.85,normal.
32538,tcp,IRC,RSTO,592689,904085,0,0,0,15,2,0,4,0,0,7,4,0,0,0,0,0,326,426,0.95,0.75,0.82,0.06,0.47,0.13,0.65,12,81,0.85,0.43,0.37,1.0,0.0,0.94,0.05,0.92,phf.
55984,tcp,shell,S3,671,4021,0,0,0,9,3,0,8,0,0,8,2,0,1,0,0,0,249,158,0.02,0.16,0.16,0.33,0.0,0.16,0.31,94,6,0.37,0.14,0.54,0.07,0.84,0.9,0.12,0.33,normal.
30678,tcp,ftp,S2,579713,534925,0,1,0,21,2,0,5,0,0,3,4,0,0,0,0,0,450,272,0.64,0.09,0.02,0.75,0.82,0.1,0.02,1,252,0.26,0.93,0.98,0.73,0.37,0.33,0.58,0.91,teardrop.
14173,tcp,other,S1,734168,655325,0,0,0,25,3,1,7,0,0,8,3,0,1,0,0,0,22,291,0.94,0.67,0.18,0.2,0.05,0.98,0.37,101,210,0.81,0.44,0.15,0.83,0.85,0.2,0.21,0.85,smurf.
5672,tcp,ssh,SH,561200,853647,0,0,0,18,1,1,6,0,0,3,3,0,2,0,0,0,107,496,0.43,0.68,0.19,0.66,0.9,0.97,0.69,143,190,0.95,0.55,0.12,0.03,0.54,0.32,0.11,0.29,imap.
15250,icmp,ftp_data,S3,469496,647358,0,3,0,18,3,1,3,0,0,10,0,0,1,0,0,0,102,5,0.28,0.81,0.21,0.81,0.69,0.53,0.76,53,197,0.0,0.15,0.03,0.73,0.66,0.5,0.26,0.02,warezmaster.
16066,icmp,login,S1,449567,540118,0,0,0,14,0,1,10,0,0,6,0,0,1,0,0,0,238,162,0.48,0.51,0.42,0.43,0.41,0.03,0.21,248,99,0.53,0.84,0.77,0.98,0.15,0.19,0.85,0.56,land.
6118,icmp,rje,S3,347,2413,0,1,0,15,0,1,5,0,0,8,5,0,3,0,0,0,71,54,0.0,0.51,0.63,0.8,0.83,0.41,0.19,235,89,0.51,0.65,0.88,0.54,0.57,0.01,0.38,0.88,normal.
55936,icmp,pop_3,S0,917759,950931,0,0,0,15,4,0,4,0,0,5,1,0,2,0,0,0,194,166,0.5,0.02,0.55,0.08,0.45,0.13,0.63,51,233,0.99,0.44,0.22,0.04,0.06,0.21,0.56,0.0,ipsweep.
55720,udp,ecr_i,RSTO,952451,556487,0,1,0,17,4,0,4,0,0,3,2,0,3,0,0,0,461,408,0.32,0.38,0.69,0.92,0.63,0.39,0.18,110,35,0.67,0.5,0.03,0.7,0.75,0.42,0.06,0.92,guess_passwd.
57943,icmp,other,RSTO,233382,671450,0,0,0,16,3,0,3,1,0,8,1,0,2,0,0,0,362,473,0.84,0.44,0.13,0.73,0.87,0.53,0.02,41,170,0.79,0.32,0.54,0.64,0.23,0.73,0.2,0.08,imap.
7827,udp,hostnames,S1,144205,283220,0,1,0,19,4,1,4,0,0,3,0,0,3,0,0,0,500,279,0.16,0.23,0.81,0.35,0.86,0.48,0.43,16,158,0.82,0.92,0.44,0.27,0.92,0.25,0.01,0.11,neptune.
29427,udp,login,S1,145662,122520,0,3,0,19,5,1,8,0,0,6,2,0,1,0,0,0,162,463,0.34,0.85,0.15,0.33,0.79,0.4,0.17,91,28,0.99,0.16,0.98,0.42,0.62,0.04,0.67,0.1,satan.
6829,tcp,pop_3,REJ,459583,752111,0,0,0,17,3,0,3,0,0,3,4,0,3,0,0,0,71,80,0.36,0.88,0.42,0.5,0.42,0.56,0.89,44,30,0.23,0.4,0.5,0.64,0.05,0.91,0.2,0.65,teardrop.
46270,udp,rje,REJ,840,1193,0,1,0,7,5,1,0,1,0,0,0,0,0,0,0,0,77,421,0.43,0.86,0.86,0.64,0.04,0.8,0.08,18,42,0.01,0.6,0.43,0.36,0.67,0.87,0.31,0.94,normal.
16293,tcp,smtp,S0,497623,928079,0,3,0,27,2,1,2,1,0,4,5,0,1,0,0,0,412,421,0.0,0.65,0.18,0.71,0.34,0.67,0.57,234,101,0.06,0.77,0.2,0.11,0.99,0.37,0.77,0.4,spy.
3004,icmp,netbios_ns,SF,827,538,0,0,0,26,3,0,3,0,0,0,5,0,1,0,0,0,184,18,0.95,0.41,0.18,0.98,0.99,0.91,0.26,158,156,0.76,0.41,0.14,0.43,0.69,0.36,0.85,0.97,normal.
32708,udp,ecr_i,S0,85662,431226,0,0,0,5,4,1,9,0,0,3,5,0,3,0,0,0,176,184,0.6,0.9,0.49,0.32,0.93,0.19,0.26,35,176,0.88,0.16,0.79,0.53,0.78,0.92,0.76,0.05,land.
26172,udp,eco_i,SF,504,1096,0,3,0,30,3,1,4,0,0,10,2,0,1,0,0,0,117,398,0.72,0.15,0.7,0.35,0.46,0.43,0.92,255,144,0.88,0.05,1.0,0.9,0.94,0.13,0.64,0.76,normal.
17953,icmp,other,REJ,825331,910008,0,3,0,6,5,1,1,0,0,6,3,0,0,0,0,0,12,17,0.6,0.44,0.29,0.98,0.61,0.17,0.57,33,194,0.64,0.13,0.13,0.13,0.36,0.35,0.6,0.97,spy.
56795,tcp,finger,S3,146,14,0,0,0,20,2,1,9,0,0,5,4,0,2,0,0,0,118,136,0.68,0.35,0.38,0.96,0.65,0.99,0.22,104,135,0.28,0.72,0.47,0.03,0.77,0.41,0.65,0.07,normal.
15685,icmp,hostnames,OTH,679967,306665,0,0,0,10,3,1,5,0,0,7,1,0,0,0,0,0,80,268,0.16,0.64,0.79,0.18,0.31,0.15,0.97,40,163,0.26,0.77,0.97,0.51,0.22,0.46,0.97,0.05,spy.
24243,tcp,netbios_ns,SF,759,163,0,1,0,29,1,1,10,0,0,2,3,0,3,0,0,0,92,478,0.26,0.66,0.76,0.99,0.13,0.33,0.15,253,26,0.26,0.49,0.48,0.62,0.79,0.85,0.24,0.6,normal.
32686,udp,hostnames,REJ,734389,683427,0,0,0,19,4,1,3,1,0,9,0,0,2,0,0,0,186,142,0.27,0.87,0.81,0.55,0.22,0.51,0.36,78,84,0.4,0.15,0.6,0.1,0.8,0.35,0.32,0.72,rootkit.
10875,udp,finger,S2,893662,839864,0,3,0,26,5,1,1,0,0,10,2,0,1,0,0,0,99,493,0.2,0.98,0.45,0.94,0.23,0.79,0.21,152,253,0.33,0.38,0.06,0.83,0.75,0.86,0.38,0.63,back.
